idx,label,logit_0.85x,logit_1.00x,logit_1.15x,logit_avg
0,0,-2.0639801025390625,-1.8784061670303345,-1.1057974100112915,-1.6827278931935628
1,0,-2.3509583473205566,-0.17536090314388275,-0.6954285502433777,-1.0739159335692723
2,0,-1.3375682830810547,-1.7999305725097656,-0.816224217414856,-1.317907691001892
3,0,-0.19651687145233154,-0.4005274176597595,-0.008187444880604744,-0.2017439113308986
4,0,3.4528656005859375,3.3633790016174316,2.9627037048339844,3.2596494356791177
5,0,-3.5563600063323975,-2.046887159347534,-3.0454297065734863,-2.882892290751139
6,0,1.6661920547485352,1.86944580078125,1.174842119216919,1.5701599915822346
7,0,-3.5332980155944824,-3.0160598754882812,-3.9695701599121094,-3.5063093503316245
8,0,-3.3749587535858154,-4.237120151519775,-3.058760166168213,-3.556946357091268
9,0,-3.4251482486724854,-3.4848155975341797,-3.9926342964172363,-3.634199380874634
10,0,-4.650097370147705,-4.267474174499512,-2.9289133548736572,-3.9488282998402915
11,0,2.020189046859741,2.429136037826538,2.2325644493103027,2.227296511332194
12,0,-3.4319169521331787,-3.4234139919281006,-1.9710745811462402,-2.9421351750691733
13,0,-2.4994823932647705,-1.9480042457580566,-1.7074207067489624,-2.0516357819239297
14,0,1.5937578678131104,1.1927175521850586,0.6669366955757141,1.151137371857961
15,0,-3.953805923461914,-4.217566013336182,-3.215874671936035,-3.7957488695780435
16,0,0.012247703969478607,0.7632477283477783,1.2008427381515503,0.6587793901562691
17,0,-4.51335334777832,-4.051942825317383,-3.9141459465026855,-4.15981403986613
18,0,-1.4041333198547363,-2.239285707473755,-2.8819527626037598,-2.175123929977417
19,0,3.109661817550659,2.88149094581604,2.8840177059173584,2.958390156428019
20,0,-0.06958730518817902,-0.6787967085838318,0.6880236268043518,-0.020120128989219666
21,0,-2.5670082569122314,-2.355271100997925,-1.9733487367630005,-2.2985426982243857
22,0,-2.508070945739746,-3.354163408279419,-3.923870801925659,-3.262035051981608
23,0,1.3707562685012817,1.1300758123397827,1.969961404800415,1.4902644952138264
24,0,-3.5507960319519043,-3.294973850250244,-3.5362415313720703,-3.4606704711914062
25,0,-4.4645676612854,-4.414369583129883,-3.8073506355285645,-4.228762626647949
26,0,0.12251410633325577,1.9153190851211548,0.906596302986145,0.9814764981468519
27,0,-3.2176928520202637,-3.701969861984253,-2.9184367656707764,-3.2793664932250977
28,0,-0.15253248810768127,0.44658511877059937,-0.338458389043808,-0.01480191946029663
29,0,1.644972324371338,1.8131359815597534,-0.5162996053695679,0.9806029001871744
30,0,-2.7372400760650635,-2.596121311187744,-3.2979092597961426,-2.8770902156829834
31,0,-2.1295526027679443,-4.681727886199951,-2.559112548828125,-3.123464345932007
32,0,-3.749723196029663,-4.246493339538574,-1.8264904022216797,-3.274235645929972
33,0,0.7953334450721741,-0.5541069507598877,-1.7367161512374878,-0.49849655230840045
34,0,-3.3627309799194336,-3.459980010986328,-1.9549418687820435,-2.9258842865626016
35,0,-3.84464693069458,-2.532557487487793,-3.441331624984741,-3.2728453477223716
36,0,-5.299005031585693,-3.8655617237091064,-4.545820713043213,-4.570129156112671
37,0,0.5771521329879761,1.13058340549469,-0.21794018149375916,0.4965984523296356
38,0,-4.701588153839111,-4.454367637634277,-3.4658732414245605,-4.207276344299316
39,0,3.9700024127960205,3.4088399410247803,3.306349039077759,3.56173046429952
40,0,2.3358850479125977,1.468024492263794,1.429940938949585,1.7446168263753254
41,0,1.3564592599868774,1.3277026414871216,1.4818198680877686,1.3886605898539226
42,0,-4.880896091461182,-3.670823812484741,-4.095362186431885,-4.215694030125936
43,0,-2.7679412364959717,-1.9887502193450928,-2.2929306030273438,-2.3498740196228027
44,0,-3.543177843093872,-3.297161340713501,-3.156606435775757,-3.33231520652771
45,0,2.1957015991210938,1.328629493713379,2.136255979537964,1.8868623574574788
46,0,-4.349616527557373,-3.803561210632324,-3.525770425796509,-3.8929827213287354
47,0,-4.123968124389648,-3.719305992126465,-3.5793228149414062,-3.80753231048584
48,0,-4.526176452636719,-4.31740665435791,-4.074510097503662,-4.306031068166097
49,0,-0.25716105103492737,-0.03823336213827133,0.2965461313724518,0.0003839060664176941
50,0,-5.9063520431518555,-5.453097343444824,-5.305699825286865,-5.555049737294515
51,0,-4.047800540924072,-4.069612503051758,-3.6513354778289795,-3.9229161739349365
52,0,0.3059857189655304,0.08299776166677475,-0.765832781791687,-0.12561643371979395
53,0,-1.827884554862976,-1.7505016326904297,-0.7627795934677124,-1.4470552603403728
54,0,0.31768739223480225,1.0725877285003662,2.1204779148101807,1.1702510118484497
55,0,-1.471630573272705,-1.0085426568984985,0.5117549896240234,-0.6561394135157267
56,0,-4.644820690155029,-2.716975450515747,-2.8382365703582764,-3.400010903676351
57,0,-3.1392757892608643,-3.1393446922302246,0.8355011940002441,-1.8143730958302815
58,0,-2.679295063018799,-3.2689855098724365,-2.5000367164611816,-2.816105763117472
59,0,-5.204277992248535,-4.541578769683838,-4.3109564781188965,-4.685604413350423
60,0,1.8347749710083008,1.3903590440750122,1.1574833393096924,1.4608724514643352
61,0,1.9793027639389038,1.0542632341384888,1.3878710269927979,1.4738123416900635
62,0,-4.001993179321289,-4.088261604309082,-3.174734592437744,-3.7549964586893716
63,0,-2.361382484436035,-1.6119964122772217,-0.24780365824699402,-1.4070608516534169
64,0,2.969364881515503,2.9944238662719727,2.979994297027588,2.9812610149383545
65,0,-4.238098621368408,-3.247203826904297,0.2866395115852356,-2.3995543122291565
66,0,-1.8947404623031616,-2.3864173889160156,-2.239264488220215,-2.173474113146464
67,0,2.5753071308135986,2.051074266433716,1.8667699098587036,2.1643837690353394
68,0,-3.298163414001465,-3.6134679317474365,-3.330749988555908,-3.4141271114349365
69,0,0.6761204600334167,1.7350000143051147,2.011641025543213,1.4742538332939148
70,0,-4.396817207336426,-4.664391994476318,-4.772913932800293,-4.611374378204346
71,0,-3.7924818992614746,-3.429802417755127,-1.0661393404006958,-2.7628078858057656
72,0,-3.6332781314849854,-4.080693244934082,-4.052753925323486,-3.922241767247518
73,0,2.414050579071045,2.5115280151367188,2.496192693710327,2.4739237626393638
74,0,1.1619089841842651,1.171332836151123,1.4986275434494019,1.2772897879282634
75,0,-3.3972885608673096,-2.958817481994629,-3.1717445850372314,-3.175950209299723
76,0,1.2102164030075073,1.4244109392166138,-0.5480909943580627,0.6955121159553528
77,0,-1.4121832847595215,-2.05935001373291,-2.415566921234131,-1.9623667399088542
78,0,1.545675277709961,-1.0360127687454224,-1.4842982292175293,-0.3248785734176636
79,0,-3.1071178913116455,-3.979672431945801,-3.9537384510040283,-3.680176258087158
80,0,-1.7406954765319824,-2.9313724040985107,-2.744925022125244,-2.4723309675852456
81,0,1.8488770723342896,1.897233486175537,1.8735440969467163,1.8732182184855144
82,0,-4.259598731994629,-2.423679828643799,-2.87300443649292,-3.185427665710449
83,0,-3.2505249977111816,-3.0533785820007324,-2.7128281593322754,-3.005577246348063
84,0,-1.3476970195770264,0.1846097707748413,0.11988382786512375,-0.3477344736456871
85,0,-3.20266056060791,-1.9840052127838135,-2.0865726470947266,-2.424412806828817
86,0,-3.672894239425659,-3.3425631523132324,-2.895386219024658,-3.303614536921183
87,0,-2.271909713745117,-1.4120315313339233,-1.937265396118164,-1.8737355470657349
88,0,-4.411338806152344,-4.059601783752441,-4.300845623016357,-4.257262070973714
89,0,-0.7894588708877563,0.08839337527751923,0.12677648663520813,-0.191429669658343
90,0,-5.320133686065674,-4.394571781158447,-3.6242640018463135,-4.4463231563568115
91,0,1.5646839141845703,1.5119068622589111,1.2185988426208496,1.4317298730214436
92,0,-2.189657211303711,-2.260444402694702,-1.9266530275344849,-2.125584880510966
93,0,-0.9991169571876526,-4.17381477355957,-4.59747838973999,-3.2568033734957376
94,0,-4.088136196136475,-3.2664613723754883,-2.509042978286743,-3.2878801822662354
95,0,-4.374438285827637,-4.626562118530273,-4.0715742111206055,-4.357524871826172
96,0,-3.476012945175171,-3.649549722671509,-3.775092840194702,-3.633551836013794
97,0,1.4697328805923462,-0.9722141623497009,0.39294400811195374,0.29682090878486633
98,0,1.3028950691223145,0.2384835183620453,0.5190796256065369,0.6868194043636322
99,0,-1.786734700202942,-2.03192138671875,0.17976516485214233,-1.2129636406898499
100,0,-1.7632750272750854,-1.8991073369979858,-0.5571587681770325,-1.4065137108167012
101,0,-3.108816623687744,-1.6579926013946533,0.007786715403199196,-1.5863408365597327
102,0,-2.0679609775543213,-0.2539750337600708,-2.3775715827941895,-1.566502531369527
103,0,-4.782312393188477,-4.365782260894775,-4.202072620391846,-4.450055758158366
104,0,-2.2789676189422607,-2.268319606781006,-3.059863328933716,-2.5357168515523276
105,0,-3.821697235107422,-5.050302028656006,-4.037850856781006,-4.3032833735148115
106,0,0.7531061768531799,0.9451202154159546,0.8237571120262146,0.8406611680984497
107,0,-0.804332971572876,-2.644911766052246,-3.044987201690674,-2.164743979771932
108,0,0.6729437708854675,0.9999988079071045,0.6438745260238647,0.7722723682721456
109,0,-3.2788960933685303,-2.108677625656128,-3.018064498901367,-2.801879405975342
110,0,-2.6012520790100098,-3.34765887260437,-3.6964547634124756,-3.2151219050089517
111,0,-3.2814290523529053,-2.9727513790130615,-1.7982759475708008,-2.684152126312256
112,0,-2.661421298980713,-1.5621668100357056,-3.0877246856689453,-2.437104264895121
113,0,0.593755841255188,0.24888822436332703,1.0684070587158203,0.6370170414447784
114,0,-1.23419189453125,-2.8339743614196777,-1.5594388246536255,-1.8758683602015178
115,0,-1.8730534315109253,-2.2596120834350586,-1.4962300062179565,-1.8762985070546467
116,0,-2.139816999435425,-2.507633924484253,-2.4524309635162354,-2.366627295811971
117,0,1.4413816928863525,-1.8787211179733276,-0.8752179145812988,-0.437519113222758
118,0,0.23586654663085938,-1.3183109760284424,0.7516048550605774,-0.1102798581123352
119,0,3.0057923793792725,2.524012327194214,2.1348419189453125,2.554882208506266
120,0,0.18127457797527313,0.7794569134712219,0.9230003356933594,0.6279106090466181
121,0,-3.433232069015503,-2.8264248371124268,-2.0288937091827393,-2.762850205103556
122,0,0.759880006313324,0.032521165907382965,0.37230536341667175,0.38823551187912625
123,0,-2.115607738494873,-1.7717556953430176,-0.9884199500083923,-1.625261127948761
124,0,-4.956465244293213,-4.484163284301758,-3.9651412963867188,-4.4685899416605634
125,0,-1.1119459867477417,1.224941372871399,1.1262186765670776,0.41307135423024494
126,0,2.245206832885742,2.058490037918091,1.2405331134796143,1.8480766614278157
127,0,-5.201383113861084,-5.332072734832764,-5.4621686935424805,-5.331874847412109
128,0,-2.488952159881592,-3.072439432144165,-2.809664726257324,-2.7903521060943604
129,0,-2.2182207107543945,-2.528303861618042,1.4398837089538574,-1.1022136211395264
130,0,1.0234293937683105,1.1731067895889282,0.9186068177223206,1.038381000359853
131,0,-0.5609790086746216,-2.3732359409332275,-1.9119404554367065,-1.6153851350148518
132,0,2.678711414337158,2.9514129161834717,3.046405553817749,2.892176628112793
133,0,-3.342146396636963,-3.538780450820923,-3.5947999954223633,-3.4919089476267495
134,0,0.6174923181533813,0.030462127178907394,1.7053841352462769,0.7844461935261885
135,0,-1.5881458520889282,-0.6389886736869812,-1.0955073833465576,-1.1075473030408223
136,0,1.8508707284927368,1.4527850151062012,1.9273136854171753,1.7436564763387044
137,0,-2.3573365211486816,-0.5293127298355103,0.34576892852783203,-0.8469601074854533
138,0,-0.23427501320838928,-0.9446198344230652,-0.916668176651001,-0.6985210080941519
139,0,-1.5194536447525024,-1.6559921503067017,-1.2071303129196167,-1.460858702659607
140,0,-2.3731179237365723,-1.7420018911361694,-3.4778921604156494,-2.531003991762797
141,0,-2.821943998336792,-3.537304162979126,-2.5717761516571045,-2.977008104324341
142,0,-4.176772594451904,-4.856332302093506,-4.108390808105469,-4.38049856821696
143,0,-2.8360681533813477,-1.9208225011825562,-3.933712959289551,-2.896867871284485
144,0,-3.652486801147461,-5.80562162399292,-4.861705303192139,-4.773271242777507
145,0,1.0096384286880493,0.3657439947128296,-0.04228374361991882,0.4443662265936534
146,0,-2.2927730083465576,-2.189495325088501,-2.8307204246520996,-2.437662919362386
147,0,-2.961846351623535,-3.3846988677978516,-3.2766549587249756,-3.207733392715454
148,0,-2.5689408779144287,-3.689124584197998,-3.5301482677459717,-3.2627379099527993
149,0,2.8391008377075195,2.6743640899658203,2.3265624046325684,2.6133424441019693
150,0,-2.0874667167663574,0.8324632048606873,0.8908435702323914,-0.12138664722442627
151,0,-1.8722611665725708,-1.40715491771698,-1.9843053817749023,-1.7545738220214844
152,0,-3.9500110149383545,-3.5540108680725098,-3.392397880554199,-3.6321399211883545
153,0,-4.7384538650512695,-4.770196437835693,-4.395640850067139,-4.634763717651367
154,0,-4.357457160949707,-4.168830394744873,-3.9441823959350586,-4.15682331720988
155,0,-3.8531720638275146,-1.6462782621383667,-3.378620147705078,-2.9593568245569863
156,0,-3.1497981548309326,-3.1415977478027344,-3.638432025909424,-3.309942642847697
157,0,-2.4587273597717285,-1.2217419147491455,-0.5445948243141174,-1.4083546996116638
158,0,-4.074179172515869,-4.053750514984131,-3.7548322677612305,-3.9609206517537436
159,0,-0.406788170337677,-1.8269294500350952,-0.9357677698135376,-1.0564951300621033
160,0,-3.746549129486084,-2.9872050285339355,-3.1217854022979736,-3.285179853439331
161,0,3.5123751163482666,3.3097970485687256,2.2710790634155273,3.0310837427775064
162,0,-3.484992027282715,-3.8308448791503906,-4.487593650817871,-3.934476852416992
163,0,-3.187840223312378,-1.9771883487701416,-1.599521517753601,-2.2548500299453735
164,0,2.7981069087982178,2.6216611862182617,1.6266121864318848,2.3487934271494546
165,0,-2.9252352714538574,-2.957911252975464,-2.5385677814483643,-2.8072381019592285
166,0,-3.430661678314209,-3.0823469161987305,-2.0370216369628906,-2.85001007715861
167,0,0.8894381523132324,-1.795266032218933,-3.1349456310272217,-1.3469245036443074
168,0,2.501845359802246,0.4872337579727173,2.184279203414917,1.7244527737299602
169,0,-2.190941095352173,-3.690999984741211,-2.8723647594451904,-2.918101946512858
170,0,-0.4688754379749298,1.7914302349090576,1.6666356325149536,0.9963968098163605
171,0,-3.6102042198181152,-4.307993412017822,-4.1434197425842285,-4.020539124806722
172,0,0.6285911798477173,-1.3997453451156616,-3.1494576930999756,-1.3068706194559734
173,0,1.228626012802124,1.592905879020691,2.010218381881714,1.6105834245681763
174,0,-0.5009819269180298,0.42587047815322876,2.184901475906372,0.7032633423805237
175,0,0.8175493478775024,0.04584221541881561,0.886565089225769,0.583318884174029
176,0,-3.958606004714966,-3.684232234954834,-2.1255791187286377,-3.256139119466146
177,0,-1.5102301836013794,-2.45658540725708,-1.4642845392227173,-1.8103667100270588
178,0,-2.015860080718994,-0.3248055577278137,0.041474126279354095,-0.7663971707224846
179,0,-3.5620083808898926,-4.03911018371582,-3.9956741333007812,-3.8655975659688315
180,0,2.6369330883026123,2.873356819152832,2.76102876663208,2.7571062246958413
181,0,3.7476110458374023,3.4021761417388916,2.924560308456421,3.358115832010905
182,0,-2.5969486236572266,-2.148042678833008,-2.492065668106079,-2.4123523235321045
183,0,-4.716965198516846,-3.8927979469299316,-3.7856688499450684,-4.131810665130615
184,0,-4.3337016105651855,-4.17793607711792,-4.076878070831299,-4.196171919504802
185,0,-3.2750964164733887,-1.871166467666626,-2.3601796627044678,-2.5021475156148276
186,0,-3.281379461288452,-0.8098135590553284,-2.867908477783203,-2.3197004993756614
187,0,-1.1745939254760742,-0.6479060053825378,-1.2456895112991333,-1.0227298140525818
188,0,-4.089420318603516,-3.5082895755767822,-4.015949726104736,-3.8712198734283447
189,0,-2.460474967956543,-2.131767511367798,-3.0158188343048096,-2.5360204378763833
190,0,-4.331747055053711,-3.2011590003967285,-2.6978728771209717,-3.4102596441904702
191,0,1.4223045110702515,1.6536948680877686,1.5972950458526611,1.5577648083368938
192,0,-0.5836674571037292,-2.083003520965576,-0.3135698437690735,-0.9934136072794596
193,0,-3.2778730392456055,-2.3790464401245117,-3.6562533378601074,-3.1043909390767417
194,0,-2.0120656490325928,-2.7136247158050537,-3.2850303649902344,-2.6702402432759604
195,0,-3.8811638355255127,-2.212207555770874,-2.202456474304199,-2.7652759552001953
196,0,0.6684141159057617,0.5604429841041565,0.4700024724006653,0.5662865241368612
197,0,-1.7543139457702637,-1.8098132610321045,-2.4705071449279785,-2.0115447839101157
198,0,-2.1274211406707764,-1.7615387439727783,-3.2103867530822754,-2.3664488792419434
199,0,-4.982217311859131,-4.96701192855835,-4.834051132202148,-4.927760124206543
200,0,-0.2762889564037323,0.5086619257926941,0.5150465965270996,0.2491398553053538
201,0,-3.6698076725006104,-4.101324558258057,-3.39361572265625,-3.7215826511383057
202,0,2.4454760551452637,2.473259687423706,2.594860792160034,2.5045321782430015
203,0,-4.357449054718018,-4.1030426025390625,-4.493533611297607,-4.3180084228515625
204,0,0.5361917614936829,1.5030097961425781,0.3202659785747528,0.7864891787370046
205,0,-3.9115419387817383,-3.710566282272339,-4.19646692276001,-3.939525047938029
206,0,-3.968595266342163,-4.146450042724609,-3.9064340591430664,-4.007159789403279
207,0,-5.1373491287231445,-4.582320213317871,-4.064384937286377,-4.594684759775798
208,0,0.350715309381485,-2.4169442653656006,0.0788685753941536,-0.662453460196654
209,0,-3.588711977005005,-3.215430974960327,-3.8692243099212646,-3.5577890872955322
210,0,-3.937534809112549,-2.316748857498169,-2.66487455368042,-2.973052740097046
211,0,-1.7757705450057983,-1.5719478130340576,-1.518625020980835,-1.6221144596735637
212,0,-3.431454658508301,-2.9091243743896484,-2.553368091583252,-2.964649041493734
213,0,-1.1784472465515137,-0.8201979994773865,-0.7669529914855957,-0.9218660791714987
214,0,-4.438589572906494,-4.935696125030518,-3.777733564376831,-4.384006420771281
215,0,-3.949540138244629,-4.764792442321777,-4.684977054595947,-4.466436545054118
216,0,-5.769847393035889,-6.492892265319824,-4.695715427398682,-5.652818361918132
217,0,3.1120805740356445,2.37091326713562,1.530382752418518,2.3377921978632608
218,0,-4.676039218902588,-4.316842079162598,-3.6603105068206787,-4.217730601628621
219,0,-3.7457993030548096,-3.2865662574768066,-2.7244791984558105,-3.252281586329142
220,0,0.30221226811408997,-0.14367109537124634,-0.5268018841743469,-0.12275357047716777
221,0,-4.493208885192871,-4.304870128631592,-3.839446783065796,-4.21250859896342
222,0,3.4969687461853027,3.524975538253784,3.423349618911743,3.481764634450277
223,0,-4.461036205291748,-3.70462703704834,-3.4453930854797363,-3.870352109273275
224,0,-2.4109222888946533,-2.5018279552459717,-1.693887710571289,-2.202212651570638
225,0,-1.6260243654251099,-1.132633924484253,-1.0516546964645386,-1.2701043287913005
226,0,-2.5961122512817383,-2.9836325645446777,-2.596045732498169,-2.725263516108195
227,0,3.1488516330718994,3.2236547470092773,3.2012743949890137,3.19126025835673
228,0,-2.5556421279907227,-3.00508451461792,-3.079578161239624,-2.8801016012827554
229,0,-4.307286739349365,-3.948737621307373,-4.494985103607178,-4.250336488087972
230,0,-0.15934188663959503,-3.5529913902282715,-1.9970698356628418,-1.9031343708435695
231,0,-3.334371566772461,-3.863773822784424,-3.3819644451141357,-3.5267032782236734
232,0,-0.9995095133781433,1.6834385395050049,1.1883851289749146,0.6241047183672587
233,0,-3.2116827964782715,-3.715772867202759,-3.2936880588531494,-3.407047907511393
234,0,1.4343202114105225,-1.1049573421478271,-1.1238012313842773,-0.26481278737386066
235,0,2.0061087608337402,0.804732620716095,0.7134853005409241,1.1747755606969197
236,0,-1.793949842453003,-0.3945493698120117,-1.073333978652954,-1.0872777303059895
237,0,-3.685263156890869,-4.488095760345459,-4.42191219329834,-4.198423703511556
238,0,1.2276445627212524,0.4561116099357605,-0.8278655409812927,0.28529687722524005
239,0,0.8332827687263489,1.1147778034210205,-0.2265426218509674,0.5738393167654673
240,0,-5.333416938781738,-4.513408184051514,-4.385219097137451,-4.744014739990234
241,0,3.275475263595581,2.662851572036743,2.7233970165252686,2.8872412840525308
242,0,1.7658624649047852,2.4420223236083984,1.8217144012451172,2.0098663965861
243,0,-0.7270199060440063,-2.407639503479004,-2.055203676223755,-1.7299543619155884
244,0,-1.2930018901824951,-0.5180712938308716,-1.9231321811676025,-1.2447351217269897
245,0,-0.20798014104366302,0.48045220971107483,0.3943551480770111,0.22227573891480765
246,0,-4.108206748962402,-3.8644464015960693,-3.7687056064605713,-3.913786252339681
247,0,-2.460772752761841,-2.138808250427246,-0.3332751393318176,-1.6442853808403015
248,0,1.7162139415740967,0.7344130277633667,0.34778207540512085,0.9328030149141947
249,0,-5.959100246429443,-6.142602443695068,-5.938979148864746,-6.013560612996419
250,0,-0.013445736840367317,-0.9428429007530212,-1.4399700164794922,-0.7987528846909603
251,0,-3.027616024017334,-3.2967329025268555,-2.8585205078125,-3.0609564781188965
252,0,-2.822277545928955,-3.267136573791504,-2.9471933841705322,-3.012202501296997
253,0,-1.30079984664917,-1.2981927394866943,-1.5043268203735352,-1.367773135503133
254,0,-2.180651903152466,-0.9873571991920471,-0.3979562222957611,-1.1886551082134247
255,0,-3.2594728469848633,-1.971126675605774,-0.7406025528907776,-1.9904006918271382
256,0,2.5830559730529785,2.120739459991455,2.0941739082336426,2.2659897804260254
257,0,-2.9925122261047363,-2.5255069732666016,-2.155062675476074,-2.5576939582824707
258,0,-4.430997371673584,-4.877009868621826,-4.148109436035156,-4.485372225443522
259,0,-1.369938611984253,-2.8739852905273438,-2.3212552070617676,-2.1883930365244546
260,0,-0.377201110124588,0.41057685017585754,1.9639524221420288,0.6657760540644327
261,0,-4.0700297355651855,-3.051072120666504,-3.2025134563446045,-3.441205104192098
262,0,-1.1500942707061768,-0.9927332997322083,0.7240973114967346,-0.4729100863138835
263,0,2.040930986404419,2.3412630558013916,2.1215314865112305,2.167908509572347
264,0,0.4909697473049164,-0.538525402545929,0.2569310665130615,0.06979180375734965
265,0,-3.0071163177490234,-2.8475663661956787,-2.403186321258545,-2.7526230017344155
266,0,1.4023330211639404,0.7240841388702393,1.2275490760803223,1.1179887453715007
267,0,-0.5846440196037292,-0.6369569301605225,-2.1979479789733887,-1.1398496429125469
268,0,-4.140102386474609,-3.3242878913879395,-3.393005132675171,-3.6191318035125732
269,0,-3.671262741088867,-3.6394739151000977,-3.1872379779815674,-3.4993248780568442
270,0,-1.182084083557129,-1.4503639936447144,-1.505339503288269,-1.3792625268300374
271,0,2.556378126144409,2.1575968265533447,1.7987570762634277,2.170910676320394
272,0,-4.236418724060059,-3.8139843940734863,-4.124046802520752,-4.058149973551433
273,0,-3.9574060440063477,-3.723529815673828,-2.2763776779174805,-3.3191045125325522
274,0,1.9486693143844604,1.897843599319458,1.0874077081680298,1.6446402072906494
275,0,-4.558109760284424,-4.168502330780029,-0.5379407405853271,-3.0881842772165933
276,0,-0.819352388381958,0.5277256369590759,-0.5562719106674194,-0.28263288736343384
277,0,-3.245122194290161,-2.263174057006836,-1.308491587638855,-2.272262612978617
278,0,-3.68820858001709,-3.1320505142211914,-3.4694557189941406,-3.4299049377441406
279,0,-1.0435549020767212,-1.8839164972305298,-2.124589204788208,-1.684020201365153
280,0,-1.6838175058364868,-0.9385643005371094,-0.9209215641021729,-1.181101123491923
281,0,-3.738877296447754,-2.1557345390319824,-1.5947933197021484,-2.4964683850606284
282,0,-3.4742679595947266,-1.6912139654159546,-1.9768810272216797,-2.38078765074412
283,0,-1.8458380699157715,-1.606935977935791,0.7915696501731873,-0.8870681325594584
284,0,-3.301764965057373,-3.608492612838745,-3.5479366779327393,-3.4860647519429526
285,0,2.164900302886963,2.6916651725769043,2.688974618911743,2.5151800314585366
286,0,-5.51746940612793,-5.130252361297607,-4.6672892570495605,-5.105003674825032
287,0,-3.625552177429199,-4.618602752685547,-4.914312839508057,-4.386155923207601
288,0,3.1340420246124268,3.135427474975586,2.869088888168335,3.0461861292521157
289,0,2.6002018451690674,2.3972525596618652,2.932426929473877,2.643293778101603
290,0,-1.1201766729354858,-3.183436155319214,-1.9893078804016113,-2.0976402362187705
291,0,-4.383049488067627,-4.760379791259766,-4.714112758636475,-4.619180679321289
292,0,2.2028534412384033,-0.3946683406829834,1.0808626413345337,0.9630159139633179
293,0,-1.2356328964233398,-1.8939378261566162,-1.8998969793319702,-1.676489233970642
294,0,2.338338613510132,2.2993242740631104,1.7762551307678223,2.137972672780355
295,0,-3.0474562644958496,-1.5026389360427856,-0.7710232734680176,-1.7737061580022175
296,0,3.208375930786133,1.2328475713729858,0.02298004738986492,1.4880678498496611
297,0,-3.9690818786621094,-3.8646161556243896,-3.6718106269836426,-3.835169553756714
298,0,1.547296404838562,-1.8832988739013672,-1.0348706245422363,-0.45695769786834717
299,0,-0.5462672710418701,0.5930417776107788,0.6409618258476257,0.22924544413884482
300,0,0.38146477937698364,-1.3936961889266968,-1.4233018159866333,-0.8118444085121155
301,0,-0.7129677534103394,0.46586692333221436,-0.061861902475357056,-0.10298757751782735
302,0,-3.4593703746795654,-3.9058070182800293,-3.1880130767822266,-3.517730156580607
303,0,-0.3534287214279175,-0.401564359664917,-0.42114612460136414,-0.3920464018980662
304,0,-0.7882518172264099,-0.5193055272102356,-2.047452688217163,-1.1183366775512695
305,0,-4.110931873321533,-3.3472139835357666,-3.508711814880371,-3.655619223912557
306,0,-4.232781887054443,-3.565028667449951,-3.922637939453125,-3.9068161646525064
307,0,-3.0349831581115723,-0.2587423324584961,-0.6102486252784729,-1.3013247052828472
308,0,-2.9275383949279785,-3.3087515830993652,-3.1140389442443848,-3.1167763074239097
309,0,1.6302597522735596,0.33824437856674194,-1.3591334819793701,0.20312354962031046
310,0,-2.0582692623138428,-0.16331450641155243,-0.10333683341741562,-0.7749735340476036
311,0,-0.6429572105407715,-2.7982101440429688,-2.5343592166900635,-1.9918421904246013
312,0,-3.697343587875366,-2.1487233638763428,-4.076387882232666,-3.3074849446614585
313,0,-3.1164491176605225,-2.2466323375701904,-2.8578925132751465,-2.7403246561686196
314,0,2.230888605117798,2.4326581954956055,2.8431708812713623,2.502239227294922
315,0,-3.2463862895965576,-0.7968040108680725,-1.5157068967819214,-1.852965732415517
316,0,2.032788038253784,1.097411036491394,0.9628626108169556,1.364353895187378
317,0,-2.1791863441467285,-2.338001251220703,-2.003776788711548,-2.173654794692993
318,0,-4.6772637367248535,-4.7508625984191895,-4.4567084312438965,-4.6282782554626465
319,0,0.9699828624725342,1.8679087162017822,1.4094715118408203,1.415787696838379
320,0,-2.5353689193725586,-2.4601738452911377,-0.7410945892333984,-1.9122124512990315
321,0,1.7892755270004272,2.2370681762695312,0.8694719076156616,1.6319385369618733
322,0,-0.918694257736206,-0.19966958463191986,-0.1320914775133133,-0.41681843996047974
323,0,-4.987193584442139,-4.66180944442749,-4.495681285858154,-4.714894771575928
324,0,2.6704959869384766,2.588712215423584,2.6809887886047363,2.6467323303222656
325,0,-3.195652723312378,-3.1508617401123047,-2.907259464263916,-3.0845913092295327
326,0,1.196983814239502,2.298217296600342,2.4151077270507812,1.9701029459635417
327,0,-1.2713613510131836,-2.8596296310424805,-3.5852043628692627,-2.5720651149749756
328,0,1.1832784414291382,0.629788875579834,0.9891067147254944,0.9340580105781555
329,0,-3.142261266708374,-0.923771321773529,-0.9551535844802856,-1.6737287243207295
330,0,3.648515224456787,3.1416189670562744,2.8898158073425293,3.2266499996185303
331,0,-2.939969301223755,-3.976820945739746,-3.5077338218688965,-3.474841356277466
332,0,-3.1204261779785156,0.10623638331890106,-1.1106698513031006,-1.374953215320905
333,0,-3.966938018798828,-3.488415241241455,-4.723511695861816,-4.059621651967366
334,0,-4.371616840362549,-4.954305648803711,-4.055383682250977,-4.460435390472412
335,0,0.860276997089386,1.3507776260375977,0.6750394701957703,0.962031364440918
336,0,2.2854714393615723,2.0345427989959717,2.377739191055298,2.2325844764709473
337,0,1.7945659160614014,1.2688236236572266,1.2123615741729736,1.4252503712972004
338,0,2.3561768531799316,1.9634194374084473,2.1280388832092285,2.1492117245992026
339,0,0.9734311699867249,1.053475260734558,-1.667529582977295,0.11979228258132935
340,0,-3.623591184616089,-4.015301704406738,-4.261538505554199,-3.966810464859009
341,0,2.351152181625366,2.608194589614868,2.0239808559417725,2.3277758757273355
342,0,-1.1155356168746948,-1.509676218032837,-0.26166024804115295,-0.9622906943162283
343,0,-3.100635290145874,-2.153670310974121,-1.0438083410263062,-2.099371314048767
344,0,-0.32318660616874695,0.8283300995826721,1.3794903755187988,0.6282112896442413
345,0,0.40270185470581055,0.5823355317115784,1.5139731168746948,0.8330035010973612
346,0,-2.901686906814575,-2.7064406871795654,-1.485009789466858,-2.364379127820333
347,0,-2.323199510574341,-1.5410710573196411,-0.15477722883224487,-1.3396825989087422
348,0,-0.6021838188171387,-0.9882894158363342,-1.636827826499939,-1.0757670203844707
349,0,2.054584264755249,1.7503217458724976,2.0823490619659424,1.9624183575312297
350,0,2.668914556503296,2.253024101257324,2.3330862522125244,2.418341636657715
351,0,2.762204885482788,1.9859741926193237,1.664121389389038,2.137433489163717
352,0,-3.754620313644409,-3.235013961791992,-3.0408132076263428,-3.343482494354248
353,0,0.9510617256164551,1.402243971824646,1.9101709127426147,1.4211588700612385
354,0,-2.447300910949707,0.44254329800605774,0.8642834424972534,-0.3801580568154653
355,0,3.394465208053589,2.136784076690674,2.464038372039795,2.665095885594686
356,0,2.2236251831054688,2.333742618560791,2.6797261238098145,2.412364641825358
357,0,-3.671508312225342,0.044293660670518875,0.42400380969047546,-1.0677369472881157
358,0,-3.9787516593933105,-3.682767152786255,-3.387877941131592,-3.6831322511037192
359,0,0.44061607122421265,-2.1169419288635254,-2.6512675285339355,-1.442531128724416
360,0,2.3962230682373047,2.2546675205230713,1.6573190689086914,2.102736552556356
361,0,-5.155651092529297,-4.032318592071533,-3.7275023460388184,-4.30515734354655
362,0,1.9558193683624268,0.3780372738838196,-0.2084493637084961,0.7084690928459167
363,0,2.127521276473999,2.61092209815979,0.6346851587295532,1.7910428444544475
364,0,0.12961803376674652,-1.9527019262313843,-0.7447885870933533,-0.855957493185997
365,0,-2.4217092990875244,-2.8950917720794678,-3.4194812774658203,-2.9120941162109375
366,0,-4.090731620788574,-0.14222531020641327,-2.3131179809570312,-2.182024970650673
367,0,-2.126990795135498,-1.4985803365707397,-0.28882673382759094,-1.3047992885112762
368,0,-4.106489181518555,-4.513626575469971,-3.5974841117858887,-4.072533289591472
369,0,-2.8864853382110596,-3.5768826007843018,-2.6613376140594482,-3.0415685176849365
370,0,-1.825634241104126,-2.3516905307769775,-1.8457883596420288,-2.0077043771743774
371,0,0.6615195870399475,1.319138526916504,0.4598739743232727,0.8135106960932413
372,0,2.603342056274414,2.9359867572784424,2.8277907371520996,2.7890398502349854
373,0,2.272291421890259,0.027498265728354454,1.409076452255249,1.2362887132912874
374,0,-2.7258992195129395,-1.5645983219146729,-1.1712948083877563,-1.8205974499384563
375,0,0.44437190890312195,0.3663901686668396,0.2569710314273834,0.3559110363324483
376,0,2.2008795738220215,2.171051025390625,1.9772652387619019,2.1163986126581826
377,0,-1.1661012172698975,-3.0811102390289307,-2.5801358222961426,-2.2757824261983237
378,0,-4.496431350708008,-4.245176792144775,-4.482414722442627,-4.408007621765137
379,0,1.6739001274108887,0.5300318002700806,2.0471386909484863,1.4170235395431519
380,0,-5.171385288238525,-4.927308082580566,-3.832864761352539,-4.643852710723877
381,0,2.4087579250335693,2.335660219192505,1.9618303775787354,2.2354161739349365
382,0,-3.2563953399658203,-2.491049289703369,-2.214644432067871,-2.654029687245687
383,0,0.7277376651763916,-1.549911379814148,-0.18618881702423096,-0.3361208438873291
384,0,1.9359955787658691,2.2886993885040283,1.8466649055480957,2.0237866242726645
385,0,-5.100360870361328,-3.903700351715088,-3.174922227859497,-4.059661149978638
386,0,-1.1968908309936523,-2.272155523300171,-3.5613555908203125,-2.3434673150380454
387,0,-0.9626284241676331,1.776547908782959,1.446258783340454,0.75339275598526
388,0,-3.295846939086914,-3.854949712753296,-3.5753369331359863,-3.575377861658732
389,0,-4.128734111785889,-2.8126308917999268,-3.724569082260132,-3.555311361948649
390,0,-4.109310626983643,-3.320385217666626,-1.8051271438598633,-3.0782743295033774
391,0,-4.967473983764648,-4.698129653930664,-4.805286884307861,-4.823630174001058
392,0,-0.11305515468120575,-0.17647714912891388,0.07572183758020401,-0.07127015540997188
393,0,-2.905325174331665,-3.8614070415496826,-3.243159770965576,-3.336630662282308
394,0,2.288923501968384,2.0967977046966553,2.2426235675811768,2.209448258082072
395,0,2.305974006652832,2.441911458969116,2.514280319213867,2.420721928278605
396,0,-1.5214979648590088,-1.5429376363754272,0.8820759057998657,-0.7274532318115234
397,0,-2.598858118057251,-3.3852455615997314,-3.839354991912842,-3.274486223856608
398,0,0.3800559341907501,-0.9634262919425964,-1.1411192417144775,-0.5748298664887747
399,0,-2.1525018215179443,-1.055224895477295,-1.6483213901519775,-1.6186827023824055
400,0,2.7706611156463623,1.9736772775650024,1.6835596561431885,2.1426326831181846
401,0,-3.1590309143066406,-3.5849039554595947,-3.087857961654663,-3.2772642771402993
402,0,-3.297396421432495,-3.375504493713379,-3.3256335258483887,-3.3328448136647544
403,0,-2.5017430782318115,-2.2120604515075684,-0.997818648815155,-1.9038740595181782
404,0,0.6711404919624329,-0.7538642883300781,-3.386704444885254,-1.156476080417633
405,0,-3.9913549423217773,-4.124917507171631,-4.052186489105225,-4.056152979532878
406,0,-0.7128458619117737,0.837739109992981,-0.2749156355857849,-0.05000746250152588
407,0,1.9213064908981323,-1.3483434915542603,-2.0661497116088867,-0.4977289040883382
408,0,-3.6107852458953857,-3.1619672775268555,-3.1998331546783447,-3.324195226033529
409,0,-4.0266642570495605,-3.279723882675171,-3.05564022064209,-3.454009453455607
410,0,1.130201816558838,1.669862151145935,1.8055826425552368,1.5352155367533367
411,0,-4.43526029586792,-4.012249946594238,-4.356325626373291,-4.267945289611816
412,0,-4.919086933135986,-4.601933479309082,-4.002974987030029,-4.507998466491699
413,0,1.2112308740615845,0.6139896512031555,2.078489065170288,1.3012365301450093
414,0,-0.16492241621017456,-0.5158782005310059,-1.0087099075317383,-0.5631701747576395
415,0,-4.821804046630859,-4.8386430740356445,-3.5135598182678223,-4.391335646311442
416,0,-1.3826903104782104,0.12488845735788345,-1.162732481956482,-0.8068447783589363
417,0,2.4590442180633545,2.527308464050293,2.337204933166504,2.4411858717600503
418,0,-1.0305408239364624,-3.2197976112365723,-1.4240854978561401,-1.8914746443430583
419,0,0.1905117630958557,0.92401522397995,-1.6359667778015137,-0.173813263575236
420,0,-1.7892975807189941,-1.899343490600586,-1.7236623764038086,-1.8041011492411296
421,0,-3.1921792030334473,-2.980405569076538,-3.476508617401123,-3.2163644631703696
422,0,1.241092562675476,1.3755476474761963,0.9366011023521423,1.184413770834605
423,0,2.2165870666503906,2.49288272857666,2.0635581016540527,2.2576759656270347
424,0,1.8174413442611694,1.9351885318756104,1.9649848937988281,1.905871589978536
425,0,-1.3005698919296265,-0.463761568069458,-1.50509512424469,-1.0898088614145915
426,0,-3.960573196411133,-3.7751927375793457,-2.7369728088378906,-3.490912914276123
427,0,-3.265047550201416,-3.360933542251587,-2.764838457107544,-3.130273183186849
428,0,-2.676586627960205,-2.823525905609131,-3.3223366737365723,-2.9408164024353027
429,0,0.9108206033706665,-0.908141553401947,-0.07141268253326416,-0.022911210854848225
430,0,-4.169689178466797,-3.174363374710083,-3.009406805038452,-3.451153119405111
431,0,2.2406537532806396,1.7786979675292969,2.555420160293579,2.1915906270345054
432,0,1.5321952104568481,2.1375741958618164,1.9935884475708008,1.8877859512964885
433,0,2.5971786975860596,1.900941252708435,1.6328378915786743,2.043652613957723
434,0,-1.650572419166565,-2.2656118869781494,-1.3414567708969116,-1.752547025680542
435,0,-0.940565288066864,-1.8537697792053223,-1.5956417322158813,-1.463325599829356
436,0,-4.748554229736328,-4.167253017425537,-3.828967571258545,-4.248258272806804
437,0,1.8843885660171509,1.0274324417114258,1.5657012462615967,1.4925074179967244
438,0,-1.182802677154541,-1.2435104846954346,-1.5340100526809692,-1.3201077381769817
439,0,-3.799511671066284,-3.6325302124023438,-3.375447988510132,-3.60249662399292
440,0,2.5058858394622803,2.1223576068878174,2.481290578842163,2.369844675064087
441,0,0.8102282881736755,0.5603662133216858,-0.1910337656736374,0.39318691194057465
442,0,-4.414666652679443,-4.723313808441162,-4.457743167877197,-4.531907876332601
443,0,-2.846341133117676,-2.7574357986450195,-3.1146509647369385,-2.9061426321665444
444,0,-4.95482063293457,-4.703768730163574,-3.828695058822632,-4.495761473973592
445,0,-3.4284913539886475,-2.332904100418091,-2.210588216781616,-2.657327890396118
446,0,-2.7037343978881836,-2.087019920349121,-1.7513327598571777,-2.1806956926981607
447,0,2.713149070739746,2.6592814922332764,2.555696487426758,2.6427090167999268
448,0,-5.209901332855225,-5.821945667266846,-5.68845796585083,-5.573434988657634
449,0,2.6171646118164062,1.5308785438537598,1.1094489097595215,1.7524973551432292
450,0,0.8322872519493103,1.1257907152175903,2.5701863765716553,1.509421447912852
451,0,-2.2088003158569336,-1.8201838731765747,-2.1139237880706787,-2.0476359923680625
452,0,-1.4893709421157837,0.2934287190437317,-0.25558149814605713,-0.4838412404060364
453,0,-3.0134382247924805,-3.559142827987671,-3.431222915649414,-3.334601322809855
454,0,1.0116411447525024,-0.03667490929365158,0.38383007049560547,0.45293210198481876
455,0,-4.474442481994629,-4.198836803436279,-2.6068191528320312,-3.760032812754313
456,0,-4.380777835845947,-3.606576442718506,-3.3010363578796387,-3.7627968788146973
457,0,-3.586655378341675,-3.3182921409606934,-2.8364367485046387,-3.2471280892690024
458,0,-3.214421272277832,-4.08322286605835,-3.258559226989746,-3.5187344551086426
459,0,-1.3192046880722046,-1.7691400051116943,0.04064130410552025,-1.015901129692793
460,0,-1.662179946899414,-1.4181121587753296,0.4213191866874695,-0.8863243063290914
461,0,-3.2677805423736572,-2.502502918243408,-3.7012689113616943,-3.15718412399292
462,0,-4.553320407867432,-3.368515729904175,-2.4128823280334473,-3.444906155268351
463,0,-3.677746057510376,-3.8085739612579346,-3.838141441345215,-3.7748204867045083
464,0,-4.155969619750977,-5.1013665199279785,-5.069847106933594,-4.77572774887085
465,0,-2.4361276626586914,-3.252798557281494,-2.559032678604126,-2.749319632848104
466,0,-2.574659824371338,-2.104292869567871,-2.4445502758026123,-2.3745009899139404
467,0,1.6804972887039185,2.0176727771759033,1.343493103981018,1.6805543899536133
468,0,-3.5302681922912598,-2.8238425254821777,-1.470232605934143,-2.6081144412358603
469,0,-4.519423484802246,-3.536564826965332,-3.9018466472625732,-3.985944986343384
470,0,-3.870495557785034,-3.6611244678497314,-3.2126846313476562,-3.581434885660807
471,0,3.0568201541900635,-0.9225598573684692,-1.743911862373352,0.13011614481608072
472,0,-1.9767504930496216,-1.6743719577789307,-2.3998897075653076,-2.017004052797953
473,0,-2.4024600982666016,-1.8874335289001465,-2.5518462657928467,-2.2805799643198648
474,0,-0.048859402537345886,-0.6264270544052124,-0.0990227684378624,-0.2581030751268069
475,0,-2.3056232929229736,-2.5077571868896484,-2.5536646842956543,-2.4556817213694253
476,0,2.964923858642578,2.9831326007843018,2.7877769470214844,2.9119444688161216
477,0,-2.8333287239074707,-2.834826946258545,-2.5625171661376953,-2.743557612101237
478,0,1.0124307870864868,1.4462802410125732,0.3106188178062439,0.9231099486351013
479,0,-3.525932550430298,-2.9103987216949463,-2.387129783630371,-2.9411536852518716
480,0,-2.5197155475616455,-0.6739564538002014,1.4304356575012207,-0.5877454479535421
481,0,-1.403898000717163,1.0292973518371582,-2.0592293739318848,-0.8112766742706299
482,0,-1.0802472829818726,-0.968392550945282,-0.5340502858161926,-0.8608967065811157
483,0,2.210878849029541,1.8575698137283325,1.879408359527588,1.982619007428487
484,0,-1.5448174476623535,-2.693441390991211,-2.636979579925537,-2.291746139526367
485,0,1.0476915836334229,1.4617600440979004,0.9886907935142517,1.166047473748525
486,0,1.158675193786621,1.3446561098098755,0.7210655808448792,1.0747989614804585
487,0,-3.0079452991485596,-3.8784728050231934,-2.021970510482788,-2.9694628715515137
488,0,1.3889126777648926,-0.312743604183197,-2.9181599617004395,-0.6139969627062479
489,0,-2.4291481971740723,-1.7941664457321167,-0.24302467703819275,-1.4887797733147938
490,0,-2.440749406814575,-2.3404693603515625,-2.1634037494659424,-2.3148741722106934
491,0,-1.8592379093170166,-3.5405004024505615,-4.026453018188477,-3.142063776652018
492,0,-5.675498008728027,-5.823232173919678,-5.166323184967041,-5.555017789204915
493,0,-2.4406442642211914,-3.6067821979522705,-3.372460126876831,-3.1399621963500977
494,0,-1.5129386186599731,0.7709087133407593,-1.6105717420578003,-0.7842005491256714
495,0,-1.7422375679016113,-2.8896324634552,-2.7842466831207275,-2.472038904825846
496,0,1.9467458724975586,2.3487517833709717,1.2786215543746948,1.8580397367477417
497,0,-1.5608713626861572,-1.175597906112671,-0.3568832576274872,-1.0311175088087718
498,0,2.7406649589538574,2.5639350414276123,2.744187831878662,2.682929277420044
499,0,-2.053088903427124,-3.6447582244873047,-1.3593719005584717,-2.3524063428243003
500,0,-3.0413599014282227,-2.5863308906555176,-1.978379249572754,-2.5353566805521646
501,0,0.7371754050254822,-1.2814104557037354,-0.48244088888168335,-0.3422253131866455
502,0,-3.5128355026245117,-3.1063425540924072,-2.968371868133545,-3.1958499749501548
503,0,0.36474403738975525,-0.20825913548469543,0.7229802012443542,0.293155034383138
504,0,-0.009300561621785164,0.1511661857366562,0.6223514080047607,0.2547390107065439
505,0,-3.1989283561706543,-3.3434393405914307,-1.5955361127853394,-2.7126346031824746
506,0,-4.017679691314697,-3.1164538860321045,-1.304387092590332,-2.812840223312378
507,0,2.5866506099700928,2.8059895038604736,2.8278250694274902,2.740155061086019
508,0,-2.6580240726470947,1.4487032890319824,-0.4207931458950043,-0.5433713098367056
509,0,-3.832181692123413,-2.710416555404663,-2.6888411045074463,-3.0771464506785073
510,0,-5.526464462280273,-4.562336444854736,-4.384228706359863,-4.824343204498291
511,0,-3.2102978229522705,-1.1811175346374512,-0.5300890803337097,-1.6405014793078105
512,0,-2.633915424346924,-2.6563730239868164,-2.596466064453125,-2.628918170928955
513,0,1.6436913013458252,1.9032447338104248,1.9090019464492798,1.81864599386851
514,0,-4.282780170440674,-2.8487961292266846,-2.4771504402160645,-3.202908913294474
515,0,3.046471118927002,2.2395236492156982,1.860886812210083,2.3822938601175943
516,0,-2.313084840774536,-1.3297228813171387,-1.1883399486541748,-1.6103825569152832
517,0,-3.8964192867279053,-2.9910728931427,-3.452718734741211,-3.446736971537272
518,0,2.7776882648468018,2.9536166191101074,2.7414357662200928,2.824246883392334
519,0,-0.7256085872650146,0.13452643156051636,1.4200525283813477,0.27632345755894977
520,0,-3.5412938594818115,-3.666208028793335,-4.044334888458252,-3.750612258911133
521,0,1.879899263381958,1.044608473777771,1.3276569843292236,1.4173882404963176
522,0,-5.098971843719482,-4.354384422302246,-3.9504473209381104,-4.467934528986613
523,0,-0.034848131239414215,0.5807291269302368,0.6727645397186279,0.40621517846981686
524,0,-0.7687548398971558,-1.5196877717971802,-0.3488377034664154,-0.8790934383869171
525,0,1.4086506366729736,-2.654926061630249,-1.8894743919372559,-1.0452499389648438
526,0,1.1991405487060547,1.8656439781188965,1.2005555629730225,1.421780029932658
527,0,-4.458895206451416,-3.359989881515503,-3.6273391246795654,-3.8154080708821616
528,0,-0.7668926119804382,-2.751372814178467,-3.628537893295288,-2.3822677731513977
529,0,-3.6087567806243896,-4.1975884437561035,-3.597207546234131,-3.8011842568715415
530,0,1.3994251489639282,2.2069263458251953,2.1487667560577393,1.9183727502822876
531,0,2.8244550228118896,2.103977680206299,1.1970134973526,2.041815400123596
532,0,-3.2365775108337402,-4.267757892608643,-3.962803840637207,-3.82237974802653
533,0,-0.04015947878360748,-0.00832277163863182,-0.3118254542350769,-0.12010256821910541
534,0,-0.8415592908859253,-2.360734462738037,-1.4970098733901978,-1.5664345423380535
535,0,3.022040843963623,1.3939731121063232,2.3401377201080322,2.2520505587259927
536,0,-3.795948028564453,-3.1461634635925293,-3.7754955291748047,-3.572535673777262
537,0,-2.633690357208252,-1.153929591178894,-2.143045425415039,-1.9768884579340618
538,0,-3.2856671810150146,-3.484248399734497,-3.4717440605163574,-3.413886547088623
539,0,-3.0184450149536133,-3.1730217933654785,-4.374786853790283,-3.5220845540364585
540,0,-0.9928242564201355,-2.5011885166168213,-3.027003288269043,-2.1736720204353333
541,0,1.2168540954589844,0.24651920795440674,0.3260141909122467,0.5964624981085459
542,0,-3.835911750793457,-3.6643340587615967,-2.6182069778442383,-3.372817595799764
543,0,-1.9556281566619873,-1.4974979162216187,-1.613168478012085,-1.6887648502985637
544,0,-4.317402362823486,-3.780137538909912,-2.854569435119629,-3.6507031122843423
545,0,1.5123279094696045,1.8970787525177002,1.8791890144348145,1.7628652254740398
546,0,-0.17870114743709564,0.5094676613807678,1.0000269412994385,0.44359781841437024
547,0,-4.933784008026123,-4.99955940246582,-2.616215705871582,-4.183186372121175
548,0,-4.650081634521484,-3.9665944576263428,-4.8476057052612305,-4.488093932469686
549,0,-1.3440566062927246,-1.9792102575302124,1.4036970138549805,-0.6398566166559855
550,0,2.8388612270355225,2.0731678009033203,2.5579757690429688,2.490001598993937
551,0,-1.4557090997695923,-3.5226733684539795,-1.9190740585327148,-2.2991521755854287
552,0,-4.321098327636719,-4.495354175567627,-4.701900005340576,-4.506117502848308
553,0,-1.6441588401794434,-2.267289876937866,-1.8134301900863647,-1.9082929690678914
554,0,2.2844903469085693,2.0294063091278076,2.7413170337677,2.351737896601359
555,0,2.0890440940856934,2.7085659503936768,2.7521588802337646,2.516589641571045
556,0,0.23931461572647095,-3.0289340019226074,-2.42352557182312,-1.737714986006419
557,0,2.04298734664917,2.014009952545166,1.473827838897705,1.8436083793640137
558,0,-0.5487602353096008,-0.9134494066238403,-1.9710642099380493,-1.1444246172904968
559,0,0.14184197783470154,-1.7226192951202393,-0.6568281650543213,-0.7458684941132864
560,0,-3.903876781463623,-3.9977211952209473,-1.9210911989212036,-3.274229725201925
561,0,-1.6676024198532104,-1.9146091938018799,-0.8115759491920471,-1.4645958542823792
562,0,0.5223716497421265,-2.420511484146118,-0.9079377055168152,-0.9353591799736023
563,0,-0.8518524765968323,-2.363643169403076,-2.4945294857025146,-1.9033417105674744
564,0,-1.1066884994506836,-0.2950352132320404,0.8697797656059265,-0.17731464902559915
565,0,-3.232384443283081,-3.9219183921813965,-3.30676007270813,-3.487020969390869
566,0,2.9807376861572266,2.841731548309326,2.665408134460449,2.8292924563090005
567,0,-3.3958678245544434,-4.103821277618408,-4.158315658569336,-3.8860015869140625
568,0,-4.689359664916992,-4.51518440246582,-4.089889049530029,-4.431477705637614
569,0,-2.78973650932312,-2.649656057357788,-2.4417858123779297,-2.6270594596862793
570,0,-3.308612585067749,-3.333143711090088,-2.967042922973633,-3.2029330730438232
571,0,3.5520646572113037,3.5736284255981445,2.87636399269104,3.3340190251668296
572,0,-4.547314167022705,-4.1268792152404785,-3.8114123344421387,-4.161868572235107
573,0,-1.80250084400177,-1.6226118803024292,-0.6833378076553345,-1.369483510653178
574,0,1.9896260499954224,1.065605878829956,2.223522901535034,1.759584943453471
575,0,0.17176467180252075,-1.593990683555603,1.0707030296325684,-0.11717432737350464
576,0,-1.7008204460144043,-2.3638556003570557,-1.501327395439148,-1.855334480603536
577,0,-1.5058605670928955,-0.8393846154212952,0.8613311052322388,-0.49463802576065063
578,0,1.169778823852539,0.5214952230453491,0.031641148030757904,0.5743050649762154
579,0,-3.5874407291412354,-2.241929531097412,-1.9254484176635742,-2.5849395593007407
580,0,-0.41739001870155334,-0.9833958745002747,1.5134164094924927,0.03754350543022156
581,0,-2.2081856727600098,0.040401309728622437,0.7506584525108337,-0.4723753035068512
582,0,1.892077922821045,1.671457052230835,1.0228816270828247,1.5288055340449016
583,0,2.715198516845703,1.8540409803390503,2.519404411315918,2.362881302833557
584,0,-3.129505157470703,-2.9623732566833496,-2.8136801719665527,-2.9685195287068686
585,0,2.1855781078338623,1.8449658155441284,1.720097541809082,1.916880488395691
586,0,1.094496250152588,-0.10180918127298355,-1.0642130374908447,-0.023841989537080128
587,0,-3.8665943145751953,-2.174381971359253,-3.63623309135437,-3.225736459096273
588,0,1.7002919912338257,1.669094204902649,0.7315303683280945,1.3669721881548564
589,0,-2.912578821182251,-2.4789609909057617,0.8131517767906189,-1.5261293450991313
590,0,-3.9913392066955566,-3.3027641773223877,-2.367293119430542,-3.2204655011494956
591,0,-4.508991718292236,-3.660381317138672,-3.373444080352783,-3.8476057052612305
592,0,-0.8814294338226318,-2.412247657775879,-1.996182918548584,-1.7632866700490315
593,0,1.6989939212799072,0.5275593400001526,-2.1253790855407715,0.03372472524642944
594,0,-3.602809429168701,-3.5194430351257324,-3.7515883445739746,-3.624613602956136
595,0,-0.3617301285266876,-2.499917984008789,-1.1010717153549194,-1.3209066092967987
596,0,-3.2808356285095215,-2.4357545375823975,-2.441673755645752,-2.71942130724589
597,0,-2.4886255264282227,-1.2249372005462646,-2.4888505935668945,-2.0674711068471274
598,0,2.637805461883545,2.6303372383117676,2.520174026489258,2.5961055755615234
599,0,2.08632230758667,1.296119213104248,1.6540918350219727,1.6788444519042969
600,0,-4.271419048309326,-3.543088674545288,-3.37713623046875,-3.7305479844411216
601,0,-1.1220171451568604,-0.3890434205532074,0.7587759494781494,-0.2507615387439728
602,0,-3.2739877700805664,-3.6655690670013428,-3.1307592391967773,-3.356772025426229
603,0,3.4291927814483643,3.064758777618408,2.9528515338897705,3.1489343643188477
604,0,-0.6466789841651917,-1.0528550148010254,-1.993140459060669,-1.230891486008962
605,0,-4.429701328277588,-4.2321600914001465,-3.880409002304077,-4.1807568073272705
606,0,-2.6215455532073975,-1.8317538499832153,-2.048161268234253,-2.167153557141622
607,0,-4.998505592346191,-4.588045120239258,-5.263763904571533,-4.950104872385661
608,0,3.516871929168701,3.1351418495178223,2.7613182067871094,3.137777328491211
609,0,-1.3960182666778564,-4.293198585510254,-3.988247871398926,-3.225821574529012
610,0,2.0502138137817383,2.1605491638183594,2.028693199157715,2.0798187255859375
611,0,1.7198556661605835,0.8830618262290955,0.8764210939407349,1.1597795287768047
612,0,2.8126420974731445,2.435526132583618,2.004753828048706,2.4176406860351562
613,0,-0.00982918031513691,-0.33671194314956665,-4.10033655166626,-1.4822925583769877
614,0,-0.6825988292694092,0.5699338912963867,1.130135416984558,0.33915682633717853
615,0,-1.87662672996521,-3.565394401550293,-3.6564974784851074,-3.03283953666687
616,0,-3.855168342590332,-3.3427846431732178,-2.7431764602661133,-3.313709815343221
617,0,1.5084227323532104,-1.0400866270065308,-1.0296574831008911,-0.18710712591807047
618,0,0.5515063405036926,1.0810920000076294,0.9277843236923218,0.8534608880678812
619,0,-2.101881742477417,-2.0920708179473877,-2.914116144180298,-2.3693562348683677
620,0,-4.813303470611572,-4.2858805656433105,-2.2518463134765625,-3.783676783243815
621,0,2.4718165397644043,2.0810046195983887,2.1040923595428467,2.2189711729685464
622,0,3.1098525524139404,2.6963918209075928,2.281815767288208,2.6960200468699136
623,0,2.396780252456665,-0.2767597734928131,0.7680534720420837,0.9626913170019785
624,0,-3.494324207305908,-2.762566089630127,-2.9989707469940186,-3.085287014643351
625,0,-2.725381851196289,-1.490168571472168,0.35416340827941895,-1.287129004796346
626,0,-0.5616004467010498,1.0023800134658813,0.7584220767021179,0.39973388115564984
627,0,-2.6780359745025635,-4.123654365539551,-3.355065107345581,-3.385585149129232
628,0,-2.3668835163116455,-3.447768211364746,-2.474538803100586,-2.7630635102589927
629,0,-1.282252550125122,-0.8137314319610596,0.7024855017662048,-0.46449949343999225
630,0,-3.9789621829986572,-4.08186149597168,-3.8834421634674072,-3.981421947479248
631,0,-2.3765265941619873,-2.7378575801849365,-2.5852231979370117,-2.566535790761312
632,0,-3.826385259628296,-4.086717128753662,-4.019055366516113,-3.977385918299357
633,0,1.5980525016784668,-0.2390492856502533,0.5286924242973328,0.6292318801085154
634,0,-4.844202995300293,-4.275171279907227,-4.363498687744141,-4.494290987650554
635,0,-3.3133153915405273,-1.4394938945770264,-1.976291298866272,-2.243033528327942
636,0,-4.034703254699707,-4.049988746643066,-4.011552333831787,-4.0320814450581866
637,0,0.20111145079135895,0.2897360026836395,-1.0615159273147583,-0.19022282461325327
638,0,-4.194156169891357,-2.917637586593628,-3.176356077194214,-3.4293832778930664
639,0,2.643369674682617,1.7886390686035156,2.4704418182373047,2.300816853841146
640,0,-1.0742815732955933,-2.672022581100464,-2.329892158508301,-2.025398770968119
641,0,-2.834505319595337,-2.8674211502075195,-2.1628832817077637,-2.62160325050354
642,0,-2.579540967941284,-2.4586617946624756,-3.105632781982422,-2.714611848195394
643,0,-4.948329925537109,-4.9936604499816895,-5.408874034881592,-5.116954803466797
644,0,2.6982667446136475,2.628660202026367,2.4598538875579834,2.5955936113993325
645,0,-5.4007792472839355,-5.054494380950928,-4.017821788787842,-4.824365139007568
646,0,-4.670445442199707,-4.495922565460205,-4.358258247375488,-4.508208751678467
647,0,1.3107287883758545,0.10253538936376572,0.873289167881012,0.7621844485402107
648,0,-2.4096107482910156,-2.2009878158569336,-3.0198516845703125,-2.5434834162394204
649,0,-2.355395793914795,-3.6394336223602295,-2.230771541595459,-2.7418669859568277
650,0,-2.823698043823242,-2.525563955307007,-2.0592215061187744,-2.4694945017496743
651,0,-3.4211976528167725,-3.699477195739746,-3.7448973655700684,-3.6218574047088623
652,0,-3.4327335357666016,-3.0408215522766113,-3.9584102630615234,-3.4773217837015786
653,0,1.749775767326355,1.1516615152359009,0.8638942241668701,1.255110502243042
654,0,2.1090381145477295,1.7565436363220215,1.7022517919540405,1.8559445142745972
655,0,-2.1051218509674072,-1.6749564409255981,-1.4615691900253296,-1.7472158273061116
656,0,2.3548619747161865,2.262336492538452,2.359297752380371,2.3254987398783364
657,0,0.7813794612884521,0.5930449366569519,1.409738540649414,0.9280543128649393
658,0,-0.591344952583313,0.2861935794353485,0.7829919457435608,0.15928019086519876
659,0,-4.583445072174072,-4.58925199508667,-4.307976722717285,-4.493557929992676
660,0,0.8097513914108276,-0.29653018712997437,-1.2115542888641357,-0.23277769486109415
661,0,-1.9341716766357422,-2.297720193862915,-2.800450563430786,-2.344114144643148
662,0,1.059910535812378,-1.0621252059936523,0.5061248540878296,0.16797006130218506
663,0,2.1079602241516113,1.730859637260437,0.9394086599349976,1.5927428404490154
664,0,1.6528702974319458,0.15964233875274658,0.018862251192331314,0.6104582957923412
665,0,-4.088976860046387,-4.081868648529053,-4.596329689025879,-4.255725065867106
666,0,-4.164977073669434,-3.708014965057373,-4.078585147857666,-3.983859062194824
667,0,1.3465266227722168,-0.08287530392408371,0.8821030855178833,0.7152514681220055
668,0,-3.8831145763397217,-3.5293679237365723,-3.70358943939209,-3.705357313156128
669,0,-4.078250885009766,-4.04995584487915,-3.1260411739349365,-3.751415967941284
670,0,-2.642016887664795,-4.000065326690674,-3.443288564682007,-3.3617902596791587
671,0,-3.0061874389648438,-3.3325414657592773,-2.3004977703094482,-2.87974222501119
672,0,-0.034114591777324677,0.13528257608413696,0.7400379180908203,0.28040196746587753
673,0,-4.52174711227417,-3.781092643737793,-3.3032021522521973,-3.8686806360880532
674,0,-4.445980548858643,-4.308539390563965,-4.918979167938232,-4.557833035786946
675,0,2.5065317153930664,2.2056150436401367,2.32478404045105,2.3456435998280845
676,0,-0.9162150025367737,-2.0124025344848633,-1.1278305053710938,-1.3521493474642436
677,0,-3.3010950088500977,-3.585599422454834,-2.9310219287872314,-3.272572120030721
678,0,-3.516592502593994,-1.2801042795181274,-3.389719247817993,-2.728805343310038
679,0,1.9863207340240479,2.0441691875457764,1.870436429977417,1.966975450515747
680,0,-2.8530447483062744,-3.355940341949463,-2.979283332824707,-3.062756141026815
681,0,-2.329348087310791,-0.4088093340396881,0.2640763223171234,-0.8246936996777853
682,0,1.5104424953460693,2.177794933319092,2.2439045906066895,1.977380673090617
683,0,2.0949668884277344,1.688033103942871,1.907914400100708,1.8969714641571045
684,0,0.4687346816062927,0.6649027466773987,1.0279353857040405,0.720524271329244
685,0,-3.153811454772949,-3.8242509365081787,-3.268059730529785,-3.4153740406036377
686,0,-3.897817611694336,-4.039322853088379,-3.7546370029449463,-3.8972591559092202
687,0,2.5182571411132812,1.9927843809127808,2.2718067169189453,2.260949412981669
688,0,-3.52276349067688,-2.146829128265381,-1.4610283374786377,-2.3768736521402993
689,0,2.692950487136841,3.1482865810394287,3.0616424083709717,2.9676264921824136
690,0,-3.860058307647705,-3.7204513549804688,-3.28572416305542,-3.6220779418945312
691,0,-4.6201276779174805,-3.326413631439209,-2.8515679836273193,-3.599369764328003
692,0,0.8837133049964905,0.19178280234336853,-0.6486867070198059,0.14226980010668436
693,0,-3.9248085021972656,-2.7195522785186768,-3.4785449504852295,-3.3743019104003906
694,0,2.7945504188537598,2.6530492305755615,2.823570966720581,2.7570568720499673
695,0,-0.4654063582420349,0.30839383602142334,-1.4930622577667236,-0.5500249266624451
696,0,2.5330426692962646,1.9798128604888916,2.3386547565460205,2.283836762110392
697,0,-4.761196613311768,-4.671415328979492,-3.184694290161133,-4.205768744150798
698,0,-0.9820403456687927,-0.2259856015443802,0.20562338829040527,-0.33413418630758923
699,0,-2.5694947242736816,-2.8121602535247803,-3.3672118186950684,-2.9162889321645102
700,0,-3.3663575649261475,-4.2102437019348145,-3.6524453163146973,-3.7430155277252197
701,0,-4.029201984405518,-2.4181835651397705,-1.894757866859436,-2.780714472134908
702,0,-3.7399392127990723,-4.642968654632568,-5.2165961265563965,-4.533167997996013
703,0,0.6522631645202637,-1.841467261314392,-0.7227344512939453,-0.6373128493626913
704,0,-3.9613728523254395,-4.2619099617004395,-3.32623028755188,-3.8498377005259194
705,0,2.8606302738189697,3.0107815265655518,3.1227850914001465,2.998065630594889
706,0,0.751505434513092,0.15003754198551178,-0.3257202208042145,0.19194091856479645
707,0,-3.3363113403320312,-3.340959072113037,-1.8163583278656006,-2.831209580103556
708,0,-3.1537857055664062,-3.1339633464813232,-1.5453391075134277,-2.6110293865203857
709,0,-0.775879442691803,-0.5843026041984558,-1.0636844635009766,-0.8079555034637451
710,0,-2.7090022563934326,-3.0066726207733154,-2.1712164878845215,-2.6289637883504233
711,0,-0.2820589244365692,-2.0013890266418457,-3.3976473808288574,-1.8936984439690907
712,0,-1.9022738933563232,-4.015669345855713,-3.4280214309692383,-3.1153215567270913
713,0,-0.2559252679347992,-0.9669445157051086,-1.4809155464172363,-0.9012617766857147
714,0,-1.2125911712646484,-2.8930675983428955,0.8632609248161316,-1.0807992815971375
715,0,-3.4067022800445557,-3.779099225997925,-3.0333609580993652,-3.4063874880472818
716,0,1.323206901550293,-0.608491837978363,-1.7610340118408203,-0.3487729827562968
717,0,1.6616166830062866,-0.30577731132507324,-0.6958733797073364,0.21998866399129233
718,0,0.8903172016143799,-1.7616112232208252,-2.4685540199279785,-1.1132826805114746
719,0,-1.9087121486663818,-2.3853812217712402,-2.0220091342926025,-2.1053675015767417
720,0,-1.1013426780700684,-0.9937164187431335,-0.6658327579498291,-0.9202972849210104
721,0,-1.3428224325180054,-1.3030977249145508,0.7489767670631409,-0.6323144634564718
722,0,3.021296262741089,2.8316543102264404,2.359269618988037,2.7374067306518555
723,0,-3.3449926376342773,-3.8184638023376465,-3.5201539993286133,-3.5612034797668457
724,0,-3.896991729736328,-3.956307888031006,-2.415060043334961,-3.422786553700765
725,0,-3.4914865493774414,-2.2278053760528564,-2.2358694076538086,-2.6517204443613687
726,0,-3.376875877380371,-3.157043933868408,-3.2210562229156494,-3.2516586780548096
727,0,-2.8055596351623535,-1.8158290386199951,-3.1431477069854736,-2.588178793589274
728,0,-3.9019861221313477,-4.148073673248291,-3.7847397327423096,-3.9449331760406494
729,0,-3.9719467163085938,-4.474572658538818,-3.4969897270202637,-3.9811697006225586
730,0,-3.303821086883545,-2.208726406097412,0.12692475318908691,-1.7952075799306233
731,0,-1.1414787769317627,-1.955415964126587,-2.9256153106689453,-2.007503350575765
732,0,1.255521297454834,1.0380953550338745,1.6038134098052979,1.2991433540980022
733,0,-2.071857452392578,-2.250577688217163,-1.977374792098999,-2.0999366442362466
734,0,-2.8327884674072266,-3.341510057449341,-2.1883373260498047,-2.7875452836354575
735,0,-1.7685133218765259,-1.3772472143173218,1.0630993843078613,-0.6942203839619955
736,0,0.30295059084892273,-1.5326322317123413,-0.3256111145019531,-0.5184309184551239
737,0,2.7614822387695312,2.8741493225097656,3.012263536453247,2.882631699244181
738,0,-1.5580694675445557,-1.2782394886016846,-2.4622979164123535,-1.7662022908528645
739,0,-2.6418650150299072,-1.9162242412567139,-1.757851004600525,-2.1053134202957153
740,0,-0.3908657431602478,-4.873566627502441,-4.266014099121094,-3.1768154899279275
741,0,-3.2310385704040527,-2.2690365314483643,-1.4952752590179443,-2.3317834536234536
742,0,2.993985176086426,2.4857587814331055,2.484048843383789,2.654597600301107
743,0,1.7468249797821045,0.7071139812469482,1.1221003532409668,1.192013104756673
744,0,-1.5285927057266235,-1.748091220855713,-0.9247139096260071,-1.4004659454027812
745,0,-2.7738027572631836,-3.147275447845459,-2.224562406539917,-2.7152135372161865
746,0,0.717541515827179,0.5412546992301941,0.5969060659408569,0.61856742699941
747,0,-3.5929975509643555,-3.098803997039795,-2.884371757507324,-3.1920577685038247
748,0,1.5922998189926147,0.78387051820755,0.18092228472232819,0.8523642073074976
749,0,0.7488540410995483,1.1351147890090942,0.20590510964393616,0.6966246465841929
750,0,-3.170097589492798,-3.3943448066711426,-2.8651132583618164,-3.1431852181752524
751,0,3.1680498123168945,2.7550864219665527,2.7388391494750977,2.887325127919515
752,0,0.751742422580719,0.902824878692627,0.4243050813674927,0.6929574608802795
753,0,0.8065187335014343,-0.6216970086097717,1.3013678789138794,0.49539653460184735
754,0,-1.0903637409210205,-1.7668501138687134,-0.8382824063301086,-1.2318320870399475
755,0,-4.784183979034424,-4.026529312133789,-4.3285746574401855,-4.379762649536133
756,0,2.994680404663086,2.5415291786193848,2.4785561561584473,2.671588579813639
757,0,-3.8119590282440186,-3.066953659057617,-2.8484742641448975,-3.2424623171488443
758,0,-2.2202186584472656,-2.3802661895751953,-2.2091891765594482,-2.269891341527303
759,0,1.4078848361968994,1.6336017847061157,0.6520915627479553,1.2311927278836567
760,0,1.435722827911377,0.4284786283969879,0.09844200313091278,0.6542144864797592
761,0,-1.9888522624969482,-0.24533599615097046,-0.9128465056419373,-1.0490115880966187
762,0,2.7274861335754395,1.972564935684204,2.347588539123535,2.349213202794393
763,0,1.4153684377670288,1.8560949563980103,1.1178268194198608,1.4630967378616333
764,0,-3.9588675498962402,-3.615602493286133,-3.7096500396728516,-3.7613733609517417
765,0,-3.6976723670959473,-3.3843343257904053,-3.5298781394958496,-3.537294944127401
766,0,-5.274508953094482,-4.854089260101318,-4.895968437194824,-5.008188883463542
767,0,-1.8410272598266602,0.5260331630706787,1.6333926916122437,0.1061328649520874
768,0,-2.2503232955932617,-1.9883179664611816,-2.0775394439697266,-2.105393568674723
769,0,-6.287256717681885,-5.9636077880859375,-5.181312561035156,-5.810725688934326
770,0,0.3139628469944,-1.4957833290100098,-1.620963454246521,-0.934261312087377
771,0,-4.202992916107178,-3.82995867729187,-3.48087477684021,-3.837942123413086
772,0,-2.1469485759735107,-2.191335916519165,-0.6434836387634277,-1.660589377085368
773,0,1.712526798248291,1.7501106262207031,2.2695446014404297,1.9107273419698079
774,0,2.5236480236053467,1.9000182151794434,2.330989360809326,2.251551866531372
775,0,-3.3977932929992676,-2.427886724472046,-1.6945890188217163,-2.50675634543101
776,0,-1.7972502708435059,-1.3567371368408203,-1.6138360500335693,-1.589274485905965
777,0,1.5458022356033325,1.8351397514343262,1.8566449880599976,1.745862325032552
778,0,-0.10216154158115387,1.2076749801635742,0.8790243268013,0.6615125884612402
779,0,-3.7677600383758545,-3.2971229553222656,-3.3874454498291016,-3.4841094811757407
780,0,-2.0643041133880615,-3.2195541858673096,-3.1077394485473633,-2.797199249267578
781,0,-3.7494418621063232,-4.426061630249023,-3.6100993156433105,-3.9285342693328857
782,0,3.442800760269165,3.2997167110443115,2.9902868270874023,3.2442680994669595
783,0,-1.625556230545044,-2.0894222259521484,-1.786765456199646,-1.8339146375656128
784,0,-2.550647497177124,-2.6968376636505127,-2.9594333171844482,-2.735639492670695
785,0,-2.774320125579834,-1.8958675861358643,-0.692324697971344,-1.7875041365623474
786,0,-2.834956645965576,-3.8882086277008057,-3.888343572616577,-3.537169615427653
787,0,1.3366183042526245,0.7731979489326477,0.9832909107208252,1.0310357213020325
788,0,-0.31597045063972473,-1.2315350770950317,-1.0518723726272583,-0.8664593001206716
789,0,1.2141631841659546,1.3203704357147217,0.41731956601142883,0.983951061964035
790,0,0.32798895239830017,-1.4106043577194214,-3.9691474437713623,-1.6839209496974945
791,0,2.3124353885650635,1.7706093788146973,2.3403594493865967,2.141134738922119
792,0,1.856501579284668,2.11277437210083,2.8119795322418213,2.26041849454244
793,0,2.698577404022217,2.9613418579101562,3.0651354789733887,2.9083515803019204
794,0,-2.015109062194824,-1.2149035930633545,-2.4640817642211914,-1.89803147315979
795,0,-2.7572033405303955,-2.5095386505126953,-2.889141321182251,-2.7186277707417807
796,0,-4.216671466827393,-2.994767189025879,-2.3106987476348877,-3.1740458011627197
797,0,0.27962297201156616,0.5022760629653931,0.3405040502548218,0.374134361743927
798,0,-1.1813331842422485,1.2744991779327393,0.4199451804161072,0.17103705803553262
799,0,1.3806196451187134,1.2499080896377563,0.687915027141571,1.106147587299347
800,0,0.9231038689613342,-1.4946281909942627,-1.4037069082260132,-0.6584104100863138
801,0,0.04927373677492142,2.046102523803711,2.6123225688934326,1.569232943157355
802,0,-3.909888505935669,-3.727020263671875,-3.6067843437194824,-3.7478977044423423
803,0,-0.7160595059394836,0.9148956537246704,1.0811247825622559,0.4266536434491475
804,0,0.759467601776123,1.9260433912277222,1.7849045991897583,1.4901385307312012
805,0,-3.769805431365967,-4.3966288566589355,-4.471287250518799,-4.212573846181233
806,0,2.101407051086426,2.273854970932007,2.1365201473236084,2.170594056447347
807,0,-2.779876232147217,-3.8844687938690186,-3.368342638015747,-3.344229221343994
808,0,2.276474952697754,2.586743116378784,2.6339969635009766,2.4990716775258384
809,0,-2.8310489654541016,-3.8561408519744873,-3.665377616882324,-3.450855811436971
810,0,-2.8865861892700195,-2.2553677558898926,-2.104309558868408,-2.41542116800944
811,0,-1.9653220176696777,-2.6450436115264893,-4.531224250793457,-3.047196626663208
812,0,-3.6715335845947266,-3.263995409011841,-2.5455234050750732,-3.160350799560547
813,0,-2.9995436668395996,-2.182265281677246,-2.873609781265259,-2.6851395765940347
814,0,-0.1997179538011551,1.766441822052002,1.5068292617797852,1.0245177100102107
815,0,-4.714613437652588,-4.2769083976745605,-4.286611080169678,-4.426044305165608
816,0,-1.376484751701355,0.17913392186164856,-1.1772807836532593,-0.7915438711643219
817,0,-2.3077080249786377,-1.4614976644515991,-2.4787352085113525,-2.08264696598053
818,0,-3.1635165214538574,-3.2973532676696777,-2.632917642593384,-3.031262477238973
819,0,-3.592231035232544,-4.0241379737854,-4.183033466339111,-3.933134158452352
820,0,-1.7151896953582764,-0.6491435170173645,0.7679129242897034,-0.5321400960286459
821,0,0.020839983597397804,-1.1699836254119873,-1.9231740236282349,-1.0241058884809415
822,0,-3.8655290603637695,-2.4801716804504395,-2.9350321292877197,-3.0935776233673096
823,0,-3.7309012413024902,-2.318695545196533,-2.755340814590454,-2.934979200363159
824,0,0.3866085112094879,-2.362081527709961,-0.4839010238647461,-0.8197913467884064
825,0,2.097658634185791,1.0915082693099976,0.7381389737129211,1.3091019590695698
826,0,-3.5045578479766846,-3.5940394401550293,-2.0099411010742188,-3.036179463068644
827,0,-0.3909870982170105,-0.46462538838386536,0.1762676239013672,-0.2264482875665029
828,0,-1.603549599647522,-1.1922070980072021,-2.870039939880371,-1.888598879178365
829,0,-2.3217244148254395,-1.8528245687484741,-3.8470170497894287,-2.6738553444544473
830,0,-1.9113092422485352,-2.509000062942505,-0.40442001819610596,-1.6082431077957153
831,0,-1.085504174232483,-1.8122005462646484,-0.7224329113960266,-1.206712543964386
832,0,-2.411007881164551,0.41478970646858215,0.7967560887336731,-0.3998206953207652
833,0,-2.5520923137664795,-2.2035865783691406,-1.1017515659332275,-1.9524768193562825
834,0,-6.343801975250244,-3.7576537132263184,-5.230793476104736,-5.1107497215271
835,0,-0.9894087910652161,-0.07595577090978622,-0.5559870600700378,-0.5404505406816801
836,0,1.9137862920761108,0.8350425958633423,1.6954622268676758,1.4814303716023762
837,0,-2.6375679969787598,-2.195540428161621,-1.9393410682678223,-2.257483164469401
838,0,-0.6262082457542419,0.07521846145391464,-0.8230602741241455,-0.45801668614149094
839,0,-2.558476448059082,-3.3064212799072266,-1.3358908891677856,-2.4002628723780313
840,0,-4.907662868499756,-4.681966304779053,-5.104909420013428,-4.898179531097412
841,0,-2.000150680541992,0.5932877063751221,-2.0088577270507812,-1.1385735670725505
842,0,1.78144371509552,-1.8129678964614868,0.6451287269592285,0.20453484853108725
843,0,-3.6075730323791504,-2.7103703022003174,-2.7964210510253906,-3.038121461868286
844,0,-5.100740909576416,-4.54282808303833,-4.795559883117676,-4.813042958577474
845,0,-0.39361292123794556,2.1071043014526367,1.086872935295105,0.9334547718365988
846,0,-1.7291454076766968,-1.8460736274719238,-0.8497083187103271,-1.4749757846196492
847,0,-4.291555404663086,-3.8436198234558105,-4.085293769836426,-4.073489665985107
848,0,2.6586599349975586,0.867429792881012,1.1920229196548462,1.5727042158444722
849,0,-1.5274752378463745,-1.4514672756195068,-1.728285789489746,-1.5690761009852092
850,0,-4.80572509765625,-4.319076061248779,-4.930495738983154,-4.685098965962728
851,0,1.2925682067871094,1.3696151971817017,2.042647123336792,1.568276842435201
852,0,-4.060357570648193,-3.823023796081543,-5.00691032409668,-4.296763896942139
853,0,-3.543114423751831,-3.442814826965332,-0.9201045036315918,-2.6353445847829184
854,0,1.3790608644485474,0.21238526701927185,1.4378111362457275,1.0097524225711823
855,0,0.0850256085395813,0.18739821016788483,-1.8934882879257202,-0.5403548230727514
856,0,1.5489786863327026,-0.40281665325164795,0.9120597839355469,0.6860739390055338
857,0,-3.5894200801849365,-3.3465445041656494,-3.380523204803467,-3.438829263051351
858,0,1.4384535551071167,0.13385459780693054,-0.5646461844444275,0.3358873228232066
859,0,0.23103919625282288,1.1470082998275757,1.4641550779342651,0.9474008580048879
860,0,-1.9226701259613037,-1.9951612949371338,-2.8329930305480957,-2.2502748171488443
861,0,-3.188384771347046,-3.288881778717041,-3.5478687286376953,-3.3417117595672607
862,0,0.02231975644826889,-0.8146616220474243,-0.5363027453422546,-0.44288153698047
863,0,-3.1762092113494873,-3.614856243133545,-2.9814281463623047,-3.257497866948446
864,0,0.28469663858413696,0.8950751423835754,0.19124525785446167,0.45700567960739136
865,0,-0.7210255265235901,-0.06574469804763794,-1.7675275802612305,-0.8514326016108195
866,0,-3.7161316871643066,-3.1703267097473145,-3.087592124938965,-3.324683507283529
867,0,-2.2374186515808105,-1.6782596111297607,-1.36738920211792,-1.7610224882761638
868,0,-2.6622471809387207,-1.6789029836654663,0.30519232153892517,-1.345319281021754
869,0,-4.850675582885742,-4.027700901031494,-1.5053519010543823,-3.4612427949905396
870,0,-3.502784490585327,-4.068520545959473,-4.4405198097229,-4.003941615422566
871,0,-2.2092819213867188,-1.925776720046997,-1.8457494974136353,-1.993602712949117
872,0,1.939493179321289,1.432740330696106,-0.08480571210384369,1.0958092659711838
873,0,2.371750593185425,2.6178877353668213,1.8008122444152832,2.2634835243225098
874,0,-3.8152523040771484,-3.3576231002807617,-1.2726445198059082,-2.815173308054606
875,0,-1.728358507156372,-1.5893528461456299,-1.4459902048110962,-1.5879005193710327
876,0,-4.4771904945373535,-3.818962574005127,-3.81229567527771,-4.0361495812733965
877,0,1.678685188293457,0.6676548719406128,0.8013010621070862,1.049213707447052
878,0,1.4141526222229004,0.3083075284957886,1.7600996494293213,1.1608532667160034
879,0,-3.3826544284820557,-3.759167432785034,-3.8716585636138916,-3.6711601416269937
880,0,-2.423710823059082,-3.107980966567993,-2.9685494899749756,-2.83341375986735
881,0,1.264888882637024,0.8149573802947998,0.1351621150970459,0.7383361260096232
882,0,-3.9117369651794434,-3.539910078048706,-3.391232490539551,-3.614293177922567
883,0,1.6947420835494995,1.4367376565933228,0.5027561783790588,1.211411972840627
884,0,-2.934204578399658,-2.062349796295166,0.2310992032289505,-1.5884850571552913
885,0,-1.6172206401824951,-1.6803226470947266,-1.370694875717163,-1.556079387664795
886,0,-0.9606021046638489,1.6227424144744873,2.098254919052124,0.9201317429542542
887,0,-1.1349183320999146,-2.8185715675354004,-2.7236440181732178,-2.2257113059361777
888,0,-2.8472700119018555,-2.457078695297241,-2.0592663288116455,-2.454538345336914
889,0,-2.879227876663208,-2.731433868408203,-3.1470065116882324,-2.9192227522532144
890,0,-2.0689051151275635,-1.956002116203308,-0.9679321646690369,-1.6642797986666362
891,0,-0.7691438794136047,-0.41017937660217285,0.30045172572135925,-0.2929571767648061
892,0,-3.6950838565826416,-2.4193506240844727,-3.239384174346924,-3.117939551671346
893,0,-2.2521095275878906,-1.4543304443359375,-3.0414748191833496,-2.249304930369059
894,0,1.6775596141815186,1.8250977993011475,0.43850329518318176,1.3137202362219493
895,0,-4.280395030975342,-3.997995376586914,-4.177940845489502,-4.152110417683919
896,0,-4.6815714836120605,-3.7482166290283203,-3.7037289142608643,-4.044505675633748
897,0,-3.7416880130767822,-2.7394087314605713,-0.3382564187049866,-2.27311772108078
898,0,3.110687017440796,2.771789073944092,2.0943102836608887,2.6589287916819253
899,0,1.003340244293213,0.3790150582790375,1.5332005023956299,0.9718519349892935
900,0,1.8863567113876343,0.8397802114486694,0.21382538974285126,0.979987437526385
901,0,2.301806926727295,2.440232992172241,1.9912164211273193,2.2444187800089517
902,0,-4.312073707580566,-4.918580055236816,-2.527776002883911,-3.919476588567098
903,0,1.2114566564559937,0.6098009347915649,0.4799882173538208,0.7670819362004598
904,0,0.49309393763542175,-1.3679461479187012,0.8102374076843262,-0.021538267532984417
905,0,1.1696714162826538,1.7857890129089355,0.3915818929672241,1.1156807740529378
906,0,-3.0582547187805176,-3.3185315132141113,-2.7914063930511475,-3.0560642083485923
907,0,-2.760679244995117,-0.9077740907669067,-2.165098190307617,-1.9445171753565471
908,0,-0.18724410235881805,1.1680710315704346,1.2216390371322632,0.7341553221146265
909,0,-2.2775251865386963,-1.2028892040252686,0.008182389661669731,-1.1574106669674318
910,0,-3.7532083988189697,-4.064849853515625,-3.137192726135254,-3.651750326156616
911,0,2.422649383544922,2.541135311126709,1.4012874364852905,2.1216907103856406
912,0,-4.912596702575684,-4.478456020355225,-3.4950172901153564,-4.295356671015422
913,0,2.276921033859253,2.20111346244812,1.9605711698532104,2.1462018887201944
914,0,-0.7759692668914795,-3.6958303451538086,-3.4411091804504395,-2.6376362641652427
915,0,-3.2614338397979736,-3.5680811405181885,-1.4892661571502686,-2.7729270458221436
916,0,0.046234168112277985,-2.5135486125946045,-3.95076584815979,-2.1393600975473723
917,0,-2.36952805519104,-2.722693920135498,-2.5608739852905273,-2.551031986872355
918,0,2.266815185546875,1.7767316102981567,1.5050263404846191,1.8495243787765503
919,0,-4.370357990264893,-4.511587619781494,-3.5983424186706543,-4.160096009572347
920,0,-1.991147756576538,-2.317375898361206,-2.5029213428497314,-2.2704816659291587
921,0,-1.968198537826538,-2.0342800617218018,-1.40830397605896,-1.8035941918690999
922,0,-3.629631996154785,-1.1564655303955078,-1.8410718441009521,-2.2090564568837485
923,0,-4.350907802581787,-4.049619674682617,-3.607985734939575,-4.002837737401326
924,0,-2.8960728645324707,-3.6656715869903564,-4.255183219909668,-3.605642557144165
925,0,0.934036910533905,0.2385609894990921,-1.6644346714019775,-0.1639455904563268
926,0,-5.0880279541015625,-5.6634840965271,-5.050065040588379,-5.267192363739014
927,0,-1.6791198253631592,0.7877838015556335,1.1973936557769775,0.10201921065648396
928,0,-2.5302937030792236,-2.915560245513916,-3.4209346771240234,-2.9555962085723877
929,0,-4.053823947906494,-5.010958194732666,-5.273325443267822,-4.779369195302327
930,0,-4.3991546630859375,-4.342724800109863,-3.5235705375671387,-4.0884833335876465
931,0,-3.287691116333008,-3.7596542835235596,-3.044138193130493,-3.36382786432902
932,0,-4.573801040649414,-3.7493953704833984,-4.609727382659912,-4.310974597930908
933,0,-3.3380839824676514,-3.2129147052764893,-3.4372663497924805,-3.3294216791788735
934,0,-4.800858497619629,-4.688321590423584,-4.437808990478516,-4.642329692840576
935,0,2.1512436866760254,2.057648181915283,2.2170162200927734,2.141969362894694
936,0,0.4200168251991272,-2.2835001945495605,-0.7138582468032837,-0.859113872051239
937,0,1.805532693862915,1.9354020357131958,2.0447590351104736,1.9285645882288616
938,0,-1.193648338317871,-2.8777809143066406,-3.6944375038146973,-2.588622252146403
939,0,-2.162471055984497,-1.8162659406661987,-2.2275753021240234,-2.0687707662582397
940,0,-4.571470737457275,-4.5741868019104,-3.9179725646972656,-4.354543368021647
941,0,-3.694438934326172,-3.7073607444763184,-3.3024299144744873,-3.5680765310923257
942,0,-2.6381373405456543,-2.360804557800293,-0.5417657494544983,-1.8469025492668152
943,0,-4.238765716552734,-4.336492538452148,-4.460775852203369,-4.345344702402751
944,0,-2.2782347202301025,-1.3453096151351929,-0.9054446816444397,-1.5096630056699116
945,0,-3.2359750270843506,-3.4088525772094727,-3.3628716468811035,-3.335899750391642
946,0,-3.0606327056884766,-3.3670709133148193,-3.7569162845611572,-3.394873301188151
947,0,2.3619225025177,1.8568577766418457,1.765602469444275,1.994794249534607
948,0,-4.381533145904541,-4.753744125366211,-3.7074694633483887,-4.28091557820638
949,0,0.6129375696182251,-0.8009123802185059,0.14150470495224,-0.01549003521601359
950,0,-3.646578073501587,-4.460814952850342,-4.366998672485352,-4.158130566279094
951,0,-1.5272411108016968,-1.6684550046920776,-1.5429102182388306,-1.579535444577535
952,0,0.4830770194530487,1.6559442281723022,1.669236660003662,1.2694193025430043
953,0,-1.5415822267532349,-2.7320480346679688,-3.3328874111175537,-2.5355058908462524
954,0,1.1431306600570679,-0.4684520363807678,-0.35205239057540894,0.10754207770029704
955,0,-4.335968494415283,-3.492401361465454,-1.9993069171905518,-3.2758922576904297
956,0,-4.414198398590088,-4.15290641784668,-4.089824676513672,-4.2189764976501465
957,0,2.3854711055755615,2.1692941188812256,2.029001235961914,2.194588820139567
958,0,-2.9271950721740723,-2.4332680702209473,-2.0830934047698975,-2.481185515721639
959,0,1.5757341384887695,1.1686381101608276,0.8543894290924072,1.1995872259140015
960,0,-1.7566251754760742,-1.7628555297851562,-2.3317723274230957,-1.9504176775614421
961,0,-2.7737648487091064,-4.217920303344727,-4.696957111358643,-3.8962140878041587
962,0,-2.7944705486297607,-0.9603814482688904,0.9485253095626831,-0.9354422291119894
963,0,-0.1366281509399414,0.6025791764259338,0.42273378372192383,0.2962282697359721
964,0,-5.412944793701172,-4.7957682609558105,-5.489109039306641,-5.232607364654541
965,0,-4.418779373168945,-3.5555076599121094,-3.8132786750793457,-3.9291885693868003
966,0,-2.4600207805633545,-2.4769575595855713,-0.9295101761817932,-1.9554961721102397
967,0,2.405120611190796,2.2095847129821777,2.3696188926696777,2.328108072280884
968,0,-2.5885508060455322,-1.7647678852081299,0.0030427686870098114,-1.450091974188884
969,0,-3.6977577209472656,-2.6347060203552246,-2.7816591262817383,-3.0380409558614097
970,0,-0.28002750873565674,-1.193429946899414,-1.839149832725525,-1.104202429453532
971,0,-0.18983297049999237,0.19568011164665222,0.9694021344184875,0.32508309185504913
972,0,-0.1442299634218216,0.8514852523803711,0.012414667755365372,0.23988998557130495
973,0,-4.314949035644531,-4.801496982574463,-4.701581001281738,-4.606009006500244
974,0,-1.0007591247558594,-1.3236032724380493,-0.999476969242096,-1.1079464554786682
975,0,-4.103240013122559,-4.370771884918213,-4.037164211273193,-4.170392036437988
976,0,-3.911123275756836,-4.44353723526001,-3.7626163959503174,-4.039092302322388
977,0,-4.642204284667969,-3.973888874053955,-3.8855340480804443,-4.167209068934123
978,0,1.6198471784591675,2.0441906452178955,2.895782709121704,2.186606844266256
979,0,2.5643725395202637,1.813575267791748,2.22103214263916,2.199659983317057
980,0,2.0239717960357666,1.9263101816177368,1.0747051239013672,1.6749957005182903
981,0,-4.119208812713623,-3.8345866203308105,-3.9571783542633057,-3.9703245957692466
982,0,-1.8680176734924316,-0.06041969358921051,0.34109994769096375,-0.5291124731302261
983,0,-4.9176225662231445,-4.3700175285339355,-3.902923822402954,-4.396854639053345
984,0,-2.5882604122161865,-0.9944270253181458,-0.2821377217769623,-1.2882750531037648
985,0,-4.133650779724121,-4.257408618927002,-4.320570945739746,-4.237210114796956
986,0,-0.35075777769088745,-0.91197270154953,-0.8243680596351624,-0.6956995129585266
987,0,-4.382990837097168,-4.385776519775391,-4.096738815307617,-4.288502057393392
988,0,2.039963483810425,2.169194221496582,1.5626565217971802,1.9239380757013957
989,0,2.229677677154541,1.7013859748840332,2.4136736392974854,2.114912430445353
990,0,-1.4150652885437012,-1.5017940998077393,-1.1037298440933228,-1.3401964108149211
991,0,-4.383447170257568,-4.407520771026611,-4.014716625213623,-4.2685615221659345
992,0,-0.12470464408397675,0.7217661142349243,-0.9703040719032288,-0.12441420058409373
993,0,0.945831298828125,0.11750227212905884,1.6220502853393555,0.8951279520988464
994,0,-3.303656816482544,-2.8969998359680176,-2.995203971862793,-3.065286874771118
995,0,2.3761181831359863,1.5823992490768433,1.0371944904327393,1.665237307548523
996,0,-0.03450778126716614,-1.2444102764129639,-0.6416049599647522,-0.6401743392149607
997,0,0.682811439037323,1.1899082660675049,2.1792311668395996,1.3506502906481426
998,0,-1.9233359098434448,-1.2413148880004883,-2.739311695098877,-1.9679874976476033
999,0,-4.66770076751709,-4.056549549102783,-3.7725777626037598,-4.165609359741211
1000,0,0.7563528418540955,1.1803768873214722,0.9791234731674194,0.9719510674476624
1001,0,-4.441384792327881,-4.084566593170166,-4.427776336669922,-4.317909240722656
1002,0,-1.4241836071014404,-2.2408647537231445,-2.869575262069702,-2.1782078742980957
1003,0,0.5438650250434875,0.326259970664978,-0.2426222264766693,0.2091675897439321
1004,0,-2.414658308029175,-2.8446662425994873,-2.462904214859009,-2.574076255162557
1005,0,1.9453727006912231,0.2561294138431549,-1.2678356170654297,0.3112221658229828
1006,0,-3.5840485095977783,-1.642146110534668,-2.0030038356781006,-2.4097328186035156
1007,0,2.4606823921203613,2.254199504852295,2.5921473503112793,2.435676415761312
1008,0,-0.39292725920677185,-1.3426644802093506,-0.7832522392272949,-0.8396146595478058
1009,0,-2.037358283996582,-1.9928176403045654,-1.1797544956207275,-1.7366434733072917
1010,0,1.0911458730697632,-0.4574912488460541,-2.167731761932373,-0.5113590459028879
1011,0,-3.036289691925049,-3.314481735229492,-3.042038917541504,-3.130936781565348
1012,0,-2.5849757194519043,-3.255321741104126,-3.562420129776001,-3.1342391967773438
1013,0,-2.3959109783172607,-1.9847815036773682,-1.6547964811325073,-2.011829654375712
1014,0,-4.3905439376831055,-4.246214866638184,-4.127545356750488,-4.254768053690593
1015,0,1.2833296060562134,2.0285205841064453,2.49035382270813,1.934068004290263
1016,0,2.0173959732055664,1.5967451333999634,1.5865626335144043,1.7335679133733113
1017,0,-3.0979838371276855,-2.5712971687316895,-1.8525595664978027,-2.507280190785726
1018,0,2.8307321071624756,1.8815655708312988,2.0773239135742188,2.263207197189331
1019,0,-1.9283688068389893,-0.43947532773017883,1.589736819267273,-0.2593691051006317
1020,0,-1.5820443630218506,-2.3521838188171387,-1.8247275352478027,-1.9196519056955974
1021,0,-3.640890121459961,-3.059760570526123,-2.834117889404297,-3.1782561937967935
1022,0,-2.6892552375793457,-3.246426582336426,-2.913088798522949,-2.9495902061462402
1023,0,-2.2928380966186523,-2.494608163833618,-1.0733879804611206,-1.9536114136377971
1024,0,-5.4070000648498535,-5.519075870513916,-3.4138684272766113,-4.77998145421346
1025,0,-2.7465059757232666,-2.859591245651245,-3.0403761863708496,-2.882157802581787
1026,0,-3.2953851222991943,-2.4356634616851807,-2.6954469680786133,-2.8088318506876626
1027,0,1.1419346332550049,-0.5226376056671143,-0.8280712366104126,-0.06959140300750732
1028,0,0.8995210528373718,1.1734864711761475,-0.43887001276016235,0.544712503751119
1029,0,-1.2424182891845703,-2.495271682739258,-1.0130010843276978,-1.5835636854171753
1030,0,0.03179461508989334,-1.5672975778579712,-3.130603075027466,-1.5553686792651813
1031,0,2.697117567062378,2.3286094665527344,2.593515396118164,2.539747476577759
1032,0,-4.386136054992676,-3.439800977706909,-3.1551666259765625,-3.6603678862253823
1033,0,2.216049909591675,2.2093989849090576,1.5087844133377075,1.97807776927948
1034,0,-0.878570020198822,-1.4128116369247437,-0.8942004442214966,-1.061860700448354
1035,0,-1.0449104309082031,-1.4239765405654907,-2.1079421043395996,-1.5256096919377644
1036,0,1.2001111507415771,1.5833802223205566,2.2062039375305176,1.6632317701975505
1037,0,-0.22882747650146484,-3.8011207580566406,-2.298957109451294,-2.1096351146698
1038,0,-1.0207386016845703,-0.5177758932113647,-0.43433648347854614,-0.6576169927914938
1039,0,-2.6620235443115234,-1.1892532110214233,-0.45737674832344055,-1.436217834552129
1040,0,-1.5151169300079346,-0.8293352723121643,1.00053071975708,-0.4479738275210063
1041,0,-4.089616775512695,-3.6191446781158447,-2.693211317062378,-3.4673242568969727
1042,0,2.649904727935791,2.26450777053833,2.214465618133545,2.3762927055358887
1043,0,-3.378939151763916,-2.2949936389923096,-2.2844491004943848,-2.6527939637502036
1044,0,-3.1261589527130127,-2.081696033477783,-2.1835522651672363,-2.4638024171193442
1045,0,-2.3601267337799072,-1.5495953559875488,-1.0671380758285522,-1.6589533885320027
1046,0,-0.3996570110321045,0.7188333868980408,-0.1930299550294876,0.04204880694548289
1047,0,-3.389228343963623,-3.9758899211883545,-4.448053359985352,-3.9377238750457764
1048,0,-1.7136038541793823,-3.335442304611206,-1.9171525239944458,-2.3220662275950112
1049,0,2.1814193725585938,1.1153041124343872,1.5718532800674438,1.6228589216868083
1050,0,0.41604000329971313,0.8148815631866455,0.5140626430511475,0.5816614031791687
1051,0,-0.5629706978797913,-1.4139891862869263,-1.977099061012268,-1.3180196483929951
1052,0,-5.25911808013916,-4.820576190948486,-3.912799596786499,-4.664164622624715
1053,0,-0.2560606598854065,-1.6170058250427246,-2.1186225414276123,-1.3305630087852478
1054,0,0.5643489360809326,-1.9958653450012207,-0.6898971199989319,-0.7071378429730734
1055,0,0.03044573776423931,-0.5690983533859253,-0.5767686367034912,-0.3718070841083924
1056,0,-3.764786720275879,-2.1605312824249268,-2.587170124053955,-2.837496042251587
1057,0,3.264803409576416,2.94451904296875,2.693276882171631,2.9675331115722656
1058,0,-2.0111680030822754,-1.8891189098358154,-2.2549362182617188,-2.051741043726603
1059,0,-3.403913736343384,-3.566763401031494,-3.271620035171509,-3.4140990575154624
1060,0,1.6537842750549316,1.052803874015808,1.7280161380767822,1.478201429049174
1061,0,-3.642387628555298,-2.6475329399108887,-1.448931097984314,-2.579617222150167
1062,0,-4.141179084777832,-4.047017574310303,-2.9707765579223633,-3.7196577390034995
1063,0,-2.097778081893921,-1.3646304607391357,-0.6710467338562012,-1.3778184254964192
1064,0,2.602762222290039,2.0467326641082764,1.8287594318389893,2.1594181060791016
1065,0,-3.5377676486968994,-3.813074827194214,-3.223752498626709,-3.524864991505941
1066,0,0.8639516830444336,0.7587555646896362,0.09390202909708023,0.57220309227705
1067,0,2.1524529457092285,0.3416203558444977,1.703059434890747,1.399044245481491
1068,0,-0.7253028154373169,0.24551144242286682,1.005773663520813,0.17532743016878763
1069,0,-2.1065120697021484,-3.09212327003479,-2.328859806060791,-2.509165048599243
1070,0,-3.201270818710327,-2.557490587234497,-2.249781370162964,-2.669514258702596
1071,0,-0.23012016713619232,0.8235489130020142,0.6556436419487,0.4163574626048406
1072,0,-1.4821619987487793,-1.3241305351257324,-0.9154325723648071,-1.2405750354131062
1073,0,-3.55462646484375,-3.9291181564331055,-3.6072559356689453,-3.6970001856486
1074,0,0.3506276607513428,1.7729027271270752,0.44086766242980957,0.8547993501027426
1075,0,-3.9146595001220703,-2.94569993019104,-1.6912904977798462,-2.8505499760309854
1076,0,-3.449662685394287,-3.4952285289764404,-3.163764715194702,-3.36955197652181
1077,0,-1.601123332977295,-0.7220168113708496,-1.0135810375213623,-1.1122403939565022
1078,0,-2.0147500038146973,-3.193593740463257,-1.6926974058151245,-2.3003470500310264
1079,0,-0.7863594889640808,-0.12471768260002136,0.7365850806236267,-0.05816403031349182
1080,0,-1.4717020988464355,-0.4488931894302368,-0.1640586405992508,-0.694884642958641
1081,0,0.07130657136440277,-0.2223147749900818,-0.9045974612236023,-0.35186855494976044
1082,0,2.576794385910034,2.3713066577911377,2.05230975151062,2.333470265070597
1083,0,-0.8357605338096619,-2.8305864334106445,-2.6060824394226074,-2.0908098022143045
1084,0,1.1358363628387451,1.1593692302703857,1.0017732381820679,1.098992943763733
1085,0,-1.3685548305511475,1.1787219047546387,2.1682028770446777,0.6594566504160563
1086,0,-3.0164859294891357,-3.2664542198181152,-3.5092508792877197,-3.2640636761983237
1087,0,-5.065656661987305,-3.800143003463745,-4.696576118469238,-4.52079192797343
1088,0,-3.2673449516296387,-1.8163920640945435,-2.072490930557251,-2.3854093154271445
1089,0,-5.4738945960998535,-5.643698215484619,-5.9353861808776855,-5.68432633082072
1090,0,-1.9621093273162842,-2.033628463745117,-2.680839776992798,-2.2255258560180664
1091,0,1.8317387104034424,1.5253961086273193,1.9500946998596191,1.7690765062967937
1092,0,-3.4108529090881348,-3.4002597332000732,-3.1913352012634277,-3.3341492811838784
1093,0,-3.4176595211029053,-1.7333977222442627,-3.185842514038086,-2.7789665857950845
1094,0,-4.152690887451172,-3.4973602294921875,-3.2623016834259033,-3.637450933456421
1095,0,-5.035515308380127,-4.9648051261901855,-5.236113548278809,-5.078811327616374
1096,0,-1.3356748819351196,-2.491072654724121,-1.4128004312515259,-1.7465159893035889
1097,0,-3.6750705242156982,-3.5556814670562744,-3.648169994354248,-3.6263073285420737
1098,0,-0.48717057704925537,-4.66038703918457,-4.171270847320557,-3.1062761545181274
1099,0,-4.502133846282959,-4.337641716003418,-4.29123592376709,-4.377003828684489
1100,0,0.28097814321517944,2.04964017868042,0.15672039985656738,0.8291129072507223
1101,0,2.1922667026519775,1.8651202917099,1.020145297050476,1.692510763804118
1102,0,0.4614158272743225,-0.024294959381222725,-0.20876094698905945,0.07611997363468011
1103,0,-2.1697614192962646,0.32924729585647583,0.3925788998603821,-0.48264507452646893
1104,0,-3.9058032035827637,-3.8682308197021484,-3.987855911254883,-3.9206299781799316
1105,0,-3.6519289016723633,-2.6744561195373535,-2.5920610427856445,-2.9728153546651206
1106,0,-2.208911895751953,-0.6770528554916382,-0.3923090100288391,-1.0927579204241435
1107,0,-5.691314220428467,-5.366987705230713,-4.91998815536499,-5.326096693674724
1108,0,-3.6765527725219727,-3.181901693344116,-5.344695568084717,-4.067716677983602
1109,0,-4.012810707092285,-2.9478158950805664,-1.5386691093444824,-2.833098570505778
1110,0,-4.964161396026611,-4.429916858673096,-4.167908191680908,-4.520662148793538
1111,0,-4.3810319900512695,-3.5007948875427246,-3.6907339096069336,-3.857520262400309
1112,0,-3.6898460388183594,-3.110013246536255,-3.57051420211792,-3.4567911624908447
1113,0,-4.799865245819092,-4.245142936706543,-4.275448322296143,-4.440152168273926
1114,0,0.8368768095970154,0.8017768859863281,0.212888702750206,0.6171807994445165
1115,0,1.7432849407196045,-1.1861941814422607,-1.5259933471679688,-0.322967529296875
1116,0,-4.4442853927612305,-3.5638670921325684,-3.752194881439209,-3.9201157887776694
1117,0,1.464730978012085,1.4976798295974731,1.0542190074920654,1.3388766050338745
1118,0,-2.9183783531188965,-4.257686138153076,-3.999269485473633,-3.7251113255818686
1119,0,-3.2455568313598633,-3.372772693634033,-3.307164192199707,-3.308497905731201
1120,0,-2.89544677734375,-5.526124000549316,-5.130947113037109,-4.517505963643392
1121,0,2.1162593364715576,1.8248729705810547,0.904695451259613,1.6152759194374084
1122,0,1.089534044265747,-0.401366651058197,-0.08260206878185272,0.2018551081418991
1123,0,-0.06944361329078674,0.8764674067497253,1.2835856676101685,0.696869820356369
1124,0,-2.6535487174987793,-1.4904637336730957,-1.6291565895080566,-1.9243896802266438
1125,0,3.472971200942993,2.986307382583618,1.9743025302886963,2.8111937046051025
1126,0,-3.6056501865386963,-2.9587695598602295,-2.570288896560669,-3.0449028809865317
1127,0,-3.722344160079956,-3.7963712215423584,-3.8200507164001465,-3.7795886993408203
1128,0,-1.8477401733398438,-2.2374305725097656,-2.3558549880981445,-2.1470085779825845
1129,0,-3.6123318672180176,-3.4917690753936768,-3.475196123123169,-3.5264323552449546
1130,0,0.09832741320133209,0.9677897691726685,-0.04929006099700928,0.33894237379233044
1131,0,-1.2883723974227905,-0.19792497158050537,-1.1743961572647095,-0.8868978420893351
1132,0,-2.80928897857666,-3.011507987976074,-2.6190378665924072,-2.8132782777150473
1133,0,2.163775682449341,1.5330688953399658,2.0903279781341553,1.929057518641154
1134,0,-4.3222527503967285,-3.7824676036834717,-3.8342349529266357,-3.979651769002279
1135,0,1.6793915033340454,1.223387360572815,1.500473976135254,1.4677509466807048
1136,0,1.876814603805542,2.483336925506592,2.1398415565490723,2.1666643619537354
1137,0,-3.529214382171631,-3.829982042312622,-3.245870590209961,-3.5350223382314048
1138,0,-3.8903825283050537,-3.772716760635376,-4.410556316375732,-4.024551868438721
1139,0,-0.24275878071784973,-1.0533405542373657,-3.635267972946167,-1.643789102633794
1140,0,1.18905508518219,-1.591293454170227,0.358034610748291,-0.014734586079915365
1141,0,-1.601702332496643,-4.525264263153076,-3.1541049480438232,-3.093690514564514
1142,0,-0.46255525946617126,-1.3813964128494263,-0.04278726130723953,-0.628912977874279
1143,0,-1.7448314428329468,-1.2718031406402588,-0.6400886178016663,-1.2189077337582905
1144,0,-1.311688780784607,-0.8327252864837646,-0.7333820462226868,-0.9592653711636862
1145,0,0.2866315543651581,0.6008049249649048,0.04207848012447357,0.30983831981817883
1146,0,0.37167370319366455,1.9097375869750977,0.06955394893884659,0.7836550797025362
1147,0,-3.106905937194824,-2.482067108154297,-2.3656835556030273,-2.651552200317383
1148,0,-4.0834641456604,-3.2357311248779297,-3.6206414699554443,-3.6466122468312583
1149,0,-2.614196538925171,-2.8652541637420654,-2.91957688331604,-2.7996758619944253
1150,0,1.7467190027236938,1.5231972932815552,2.0474510192871094,1.7724557717641194
1151,0,2.270653486251831,1.8227579593658447,1.7244195938110352,1.9392770131429036
1152,0,-4.564646244049072,-4.618081569671631,-4.181454658508301,-4.454727490743001
1153,0,2.7582247257232666,2.029477119445801,2.464508295059204,2.4174033800760903
1154,0,2.391770839691162,2.6324708461761475,2.6033523082733154,2.5425313313802085
1155,0,-3.856560230255127,-4.162209987640381,-3.0693776607513428,-3.6960492928822837
1156,0,-5.883031368255615,-5.757050514221191,-5.417755603790283,-5.685945828755696
1157,0,-0.8050980567932129,-1.5490972995758057,-1.3407015800476074,-1.2316323121388753
1158,0,-2.4105446338653564,-2.7015788555145264,-2.313772439956665,-2.4752986431121826
1159,0,-3.8437769412994385,-3.713982343673706,-3.2462735176086426,-3.601344267527262
1160,0,-5.2828569412231445,-4.897098541259766,-5.054691314697266,-5.078215599060059
1161,0,-2.9317116737365723,-1.1306052207946777,0.23511187732219696,-1.275735005736351
1162,0,2.5180575847625732,2.3774800300598145,2.5259110927581787,2.473816235860189
1163,0,1.5181469917297363,2.090613842010498,1.2628291845321655,1.6238633394241333
1164,0,-2.349396228790283,-2.2238528728485107,-1.3167275190353394,-1.9633255402247112
1165,0,-3.152630567550659,-2.3317716121673584,-3.786257743835449,-3.0902199745178223
1166,0,-0.15404070913791656,-2.2834367752075195,-1.510693907737732,-1.3160571306943893
1167,0,-1.0465116500854492,-3.3764939308166504,-2.360546588897705,-2.261184056599935
1168,0,-4.472989082336426,-2.922139883041382,-1.389206886291504,-2.928111950556437
1169,0,1.0588576793670654,0.923423707485199,0.7491363883018494,0.910472591718038
1170,0,-1.3269773721694946,-1.5406087636947632,-0.820682942867279,-1.2294230262438457
1171,0,-3.944927215576172,-3.0775563716888428,-3.6782917976379395,-3.566925128300985
1172,0,-0.8791990876197815,-1.099000334739685,-1.3203601837158203,-1.0995198686917622
1173,0,-4.7374444007873535,-4.016229629516602,-2.1832311153411865,-3.6456350485483804
1174,0,-2.9998912811279297,-3.280179262161255,-3.411808729171753,-3.230626424153646
1175,0,-2.13855242729187,-1.7455544471740723,-1.4274579286575317,-1.770521601041158
1176,0,-4.998410224914551,-4.894278526306152,-4.53266716003418,-4.808451970418294
1177,0,-2.518296003341675,-2.003119707107544,-2.2233052253723145,-2.248240311940511
1178,0,-1.2422891855239868,-2.0783159732818604,-1.1929265260696411,-1.5045105616251628
1179,0,-4.183837890625,-2.786949634552002,-3.3146910667419434,-3.428492863972982
1180,0,-3.605865955352783,-3.2333688735961914,-2.9546310901641846,-3.2646219730377197
1181,0,-1.359613299369812,-2.5714521408081055,-2.135016679763794,-2.022027373313904
1182,0,-0.5247742533683777,-1.9165831804275513,-1.2360291481018066,-1.2257955272992451
1183,0,-3.622621536254883,-3.513953924179077,-2.4812440872192383,-3.205939849217733
1184,0,-0.1035747081041336,0.38732531666755676,1.4070093631744385,0.5635866572459539
1185,0,0.2897786498069763,1.6745409965515137,2.7379844188690186,1.5674346884091694
1186,0,-4.831657409667969,-5.020995616912842,-4.881956577301025,-4.911536534627278
1187,0,0.16582824289798737,-1.6756538152694702,-0.8485466837882996,-0.7861240853865942
1188,0,-0.8118860721588135,-1.5159567594528198,-1.0443964004516602,-1.124079744021098
1189,0,1.5594574213027954,0.6545006632804871,0.7659972906112671,0.9933184583981832
1190,0,-2.5975215435028076,-3.468118667602539,-3.1842989921569824,-3.08331306775411
1191,0,-0.3228480815887451,-0.7345699071884155,0.9277285933494568,-0.043229798475901283
1192,0,-1.828620195388794,-3.403735399246216,-3.550919532775879,-2.9277583758036294
1193,0,1.7305961847305298,1.9098001718521118,1.794756531715393,1.8117176294326782
1194,0,-0.6091347336769104,-1.5559442043304443,-1.3532733917236328,-1.172784109910329
1195,0,-2.77656626701355,-3.994537830352783,-3.7668778896331787,-3.5126606623331704
1196,0,-3.4160878658294678,-3.1003732681274414,-2.8638439178466797,-3.1267683506011963
1197,0,-0.5211091637611389,-1.1397039890289307,-1.1842283010482788,-0.9483471512794495
1198,0,-4.4306793212890625,-3.91204571723938,-2.92818546295166,-3.756970167160034
1199,0,-3.5919671058654785,-3.6435186862945557,-3.416069269180298,-3.550518353780111
1200,0,-2.6228768825531006,-2.251157760620117,-3.628898859024048,-2.8343111673990884
1201,0,-4.77315092086792,-4.286730766296387,-3.490251064300537,-4.183377583821614
1202,0,-3.7638089656829834,-3.747168779373169,-3.204031467437744,-3.5716697374979653
1203,0,-3.938668966293335,-3.8718628883361816,-4.067872524261475,-3.959468126296997
1204,0,-0.5859018564224243,0.5537967681884766,0.2249830812215805,0.06429266432921092
1205,0,-4.012305736541748,-2.043682098388672,-2.3272924423217773,-2.794426759084066
1206,0,2.6439156532287598,1.974759817123413,2.154951572418213,2.257875680923462
1207,0,3.0614304542541504,2.954551935195923,2.7679553031921387,2.9279792308807373
1208,0,1.8416574001312256,1.245924949645996,0.5085334181785583,1.19870525598526
1209,0,-2.3931899070739746,-0.006202133372426033,-1.6894177198410034,-1.362936586762468
1210,0,-2.5834686756134033,-2.769683599472046,-2.4363484382629395,-2.5965002377827964
1211,0,-1.8567895889282227,-2.8750014305114746,-2.7448301315307617,-2.4922070503234863
1212,0,-3.7099437713623047,-4.579632759094238,-4.416247844696045,-4.235274791717529
1213,0,0.7031871676445007,-1.8972933292388916,-0.5855804681777954,-0.5932288765907288
1214,0,2.3573050498962402,2.3737034797668457,2.226055860519409,2.319021463394165
1215,0,-4.064451694488525,-3.927751302719116,-2.6194629669189453,-3.537221988042196
1216,0,2.3469626903533936,2.327335834503174,2.200801134109497,2.2916998863220215
1217,0,0.3336174190044403,-2.724202871322632,-1.5600351095199585,-1.3168735206127167
1218,0,2.803403615951538,2.2081027030944824,1.9456801414489746,2.3190621534983316
1219,0,-0.8665288090705872,-1.1135425567626953,-0.9482378363609314,-0.9761030673980713
1220,0,1.1078004837036133,1.583463430404663,-0.13165374100208282,0.8532033910353979
1221,0,-1.2763173580169678,-1.8568226099014282,-1.3961068391799927,-1.509748935699463
1222,0,-1.790877342224121,-1.5693838596343994,-0.9426563382148743,-1.4343058466911316
1223,0,-4.797921657562256,-4.807206153869629,-4.08930778503418,-4.5648118654886884
1224,0,-2.5338776111602783,-3.3812265396118164,-3.377183437347412,-3.0974291960398355
1225,0,-3.4600818157196045,-3.5306334495544434,-3.4005160331726074,-3.4637437661488852
1226,0,-1.0251978635787964,-2.2615771293640137,-1.3966865539550781,-1.5611538489659627
1227,0,-2.518732786178589,-2.0652287006378174,0.4451979100704193,-1.379587858915329
1228,0,-3.1025052070617676,-2.990391969680786,-0.9647414684295654,-2.352546215057373
1229,0,-0.17166057229042053,-0.2444724142551422,0.14815911650657654,-0.08932462334632874
1230,0,2.227385997772217,-0.8000267744064331,0.9088168740272522,0.7787253657976786
1231,0,2.5012853145599365,2.663663148880005,2.766566514968872,2.643838326136271
1232,0,2.505844831466675,1.324681043624878,1.6872129440307617,1.8392462730407715
1233,0,0.8497626781463623,0.8573363423347473,0.018727624788880348,0.57527554842333
1234,0,1.8317246437072754,1.9878604412078857,2.4372260570526123,2.085603713989258
1235,0,-4.054996490478516,-3.992279052734375,-4.187793731689453,-4.078356424967448
1236,0,-1.1374257802963257,0.6500450968742371,-0.31576967239379883,-0.26771678527196247
1237,0,-3.7807528972625732,-3.9619224071502686,-4.205877780914307,-3.982851028442383
1238,0,-1.3408170938491821,0.5058898329734802,-2.523275375366211,-1.1194008787473042
1239,0,-0.7581848502159119,-0.7055583596229553,-0.9086645841598511,-0.7908025979995728
1240,0,-2.1184773445129395,-1.8555495738983154,-1.3560527563095093,-1.7766932249069214
1241,0,-1.9089099168777466,-0.8869801759719849,-1.6899001598358154,-1.4952634175618489
1242,0,-3.816791296005249,-4.5546088218688965,-3.9388179779052734,-4.103406031926473
1243,0,-1.8425883054733276,-2.157963991165161,-2.1512131690979004,-2.0505884885787964
1244,0,0.2561986744403839,0.4596891403198242,1.7110188007354736,0.8089688718318939
1245,0,-3.2903735637664795,-3.329634428024292,-4.0485310554504395,-3.556179682413737
1246,0,2.433865547180176,-1.226166844367981,-2.7172396183013916,-0.5031803051630656
1247,0,-2.655385971069336,-2.475309371948242,-2.146120309829712,-2.425605217615763
1248,0,2.1588518619537354,1.57396399974823,1.0994218587875366,1.610745906829834
1249,0,-1.0302207469940186,-2.266540288925171,-1.31746506690979,-1.53807536760966
1250,0,-1.6905351877212524,-1.9472535848617554,-2.5857222080230713,-2.0745036602020264
1251,0,-3.3541228771209717,-3.0416011810302734,-2.9079580307006836,-3.101227362950643
1252,0,-4.114548206329346,-4.132752895355225,-4.118743896484375,-4.122014999389648
1253,0,0.6540345549583435,0.9188486933708191,1.4048939943313599,0.9925924142201742
1254,0,-2.1898202896118164,0.3692443072795868,-1.459733486175537,-1.093436489502589
1255,0,0.8719953894615173,-0.04776797443628311,0.7612693905830383,0.5284989352027575
1256,0,-4.055409908294678,-3.530203342437744,-3.499673843383789,-3.695095698038737
1257,0,-1.9609878063201904,0.6011924743652344,1.6456950902938843,0.0952999194463094
1258,0,-2.974473237991333,-4.588008880615234,-3.634016990661621,-3.732166369756063
1259,0,-3.615246534347534,-2.938585042953491,-2.7535321712493896,-3.102454582850138
1260,0,-4.483493804931641,-3.85385799407959,-4.14732551574707,-4.161559104919434
1261,0,-4.1416730880737305,-4.189583778381348,-4.262962341308594,-4.198073069254558
1262,0,-3.1878678798675537,-3.7278013229370117,-3.2591092586517334,-3.391592820485433
1263,0,-4.2742791175842285,-4.6589674949646,-3.389453649520874,-4.107566754023234
1264,0,-2.1909375190734863,-1.5583966970443726,-0.22472956776618958,-1.3246879279613495
1265,0,-3.490023612976074,-3.336094856262207,-3.4274373054504395,-3.4178519248962402
1266,0,-4.9343156814575195,-4.4754743576049805,-4.499169826507568,-4.6363199551900225
1267,0,-4.119078159332275,-3.547868251800537,-3.2841808795928955,-3.650375763575236
1268,0,-0.41531333327293396,0.9674793481826782,0.8406554460525513,0.4642738203207652
1269,0,-4.424667835235596,-4.4459052085876465,-3.7459371089935303,-4.205503384272258
1270,0,1.5178892612457275,1.2477185726165771,1.6735858917236328,1.4797312418619792
1271,0,1.9060763120651245,2.5853781700134277,2.2960355281829834,2.2624966700871787
1272,0,-2.333984375,-0.354885995388031,1.0283564329147339,-0.5535046458244324
1273,0,2.4654531478881836,2.700972080230713,2.5720574855804443,2.5794942378997803
1274,0,-1.9356695413589478,-1.9511723518371582,-0.9394491910934448,-1.6087636947631836
1275,0,1.6169188022613525,1.7095770835876465,1.643696904182434,1.6567309300104778
1276,0,-4.156486511230469,-3.149261951446533,-3.0148894786834717,-3.4402126471201577
1277,0,-1.9007774591445923,-2.8006539344787598,-0.3069842457771301,-1.6694718798001607
1278,0,-3.190675735473633,-3.5645174980163574,-3.9192023277282715,-3.5581318537394204
1279,0,-5.099118232727051,-4.799714088439941,-4.80401086807251,-4.900947729746501
1280,0,0.5670611262321472,-0.27916863560676575,1.190055012702942,0.4926491677761078
1281,0,-4.283363342285156,-4.8245649337768555,-3.9904556274414062,-4.366127967834473
1282,0,2.052753448486328,1.0630133152008057,1.4449301958084106,1.5202323198318481
1283,0,-3.2514095306396484,-3.1336417198181152,-2.888028860092163,-3.091026703516642
1284,0,2.209563732147217,-1.3132822513580322,0.562664806842804,0.48631542921066284
1285,0,-4.414675712585449,-1.574163556098938,-3.458937644958496,-3.1492589712142944
1286,0,-3.2280678749084473,-2.1359610557556152,-2.969346046447754,-2.777791659037272
1287,0,-1.1327475309371948,-1.2737345695495605,-0.19960647821426392,-0.8686961929003397
1288,0,3.6076388359069824,3.3699638843536377,2.876910448074341,3.2848377227783203
1289,0,-4.591524124145508,-4.117178916931152,-4.2020416259765625,-4.303581555684407
1290,0,-2.265028953552246,-1.8776040077209473,-2.0768306255340576,-2.0731545289357505
1291,0,1.2568998336791992,1.9472604990005493,1.980438232421875,1.7281995217005413
1292,0,-4.614743232727051,-4.564371109008789,-4.379557132720947,-4.519557158152263
1293,0,-4.170332431793213,-2.323387384414673,-2.3216450214385986,-2.9384549458821616
1294,0,-0.6153140068054199,-1.1995978355407715,-1.9286147356033325,-1.2478421926498413
1295,0,0.41697824001312256,0.9845364689826965,0.7515836954116821,0.7176994681358337
1296,0,-3.7537810802459717,-2.2953295707702637,-3.3347744941711426,-3.1279617150624595
1297,0,-4.291144371032715,-4.055198669433594,-3.9394888877868652,-4.095277309417725
1298,0,-4.610028266906738,-4.790956974029541,-4.196263313293457,-4.532416184743245
1299,0,-2.2415931224823,-2.9856157302856445,-2.613116979598999,-2.6134419441223145
1300,0,-3.2996373176574707,-3.3033370971679688,-2.9507036209106445,-3.1845593452453613
1301,0,2.3107478618621826,2.025050640106201,1.8021432161331177,2.0459805727005005
1302,0,2.242872953414917,-0.29066163301467896,1.900856852531433,1.2843560576438904
1303,0,-3.48285174369812,-3.0447309017181396,-2.011653184890747,-2.846411943435669
1304,0,-1.0591819286346436,-1.1939693689346313,-2.485034704208374,-1.579395333925883
1305,0,-2.2259650230407715,-2.802597761154175,-2.2746081352233887,-2.4343903064727783
1306,0,-3.346545934677124,0.4162503480911255,-0.26248061656951904,-1.0642587343851726
1307,0,1.7626776695251465,1.137655258178711,0.11782661825418472,1.0060531819860141
1308,0,-0.12273980677127838,-0.5994539856910706,0.2797263562679291,-0.14748914539813995
1309,0,-3.6079325675964355,-3.8130266666412354,-3.8986339569091797,-3.7731977303822837
1310,0,-0.3176895081996918,-2.1867258548736572,-3.0726492404937744,-1.8590215345223744
1311,0,1.1798359155654907,-0.8261182308197021,-3.1123366355895996,-0.9195396502812704
1312,0,-2.046189069747925,-2.942150115966797,-4.140465259552002,-3.0429348150889077
1313,0,-1.976910948753357,-2.1926374435424805,-1.4563500881195068,-1.8752994934717815
1314,0,-2.9999959468841553,-2.743997812271118,-1.9392504692077637,-2.5610814094543457
1315,0,-5.255010604858398,-4.922510623931885,-4.776498317718506,-4.984673182169597
1316,0,-2.9063704013824463,-2.8282344341278076,-3.192067861557007,-2.975557565689087
1317,0,0.825869619846344,2.116168260574341,0.7785853147506714,1.2402077317237854
1318,0,-0.37390291690826416,-1.5761866569519043,-1.047366976737976,-0.9991521835327148
1319,0,-3.1478323936462402,-2.3934779167175293,-2.64408278465271,-2.728464365005493
1320,0,-3.4340660572052,-2.4695041179656982,-1.7182499170303345,-2.540606697400411
1321,0,1.7321864366531372,2.2088258266448975,1.9226406812667847,1.9545509815216064
1322,0,-3.960784912109375,-0.2351122498512268,-2.3822407722473145,-2.192712644735972
1323,0,0.6144577860832214,1.0067298412322998,2.4668540954589844,1.3626805742581685
1324,0,-0.6277431845664978,-0.23862704634666443,0.5075408220291138,-0.11960980296134949
1325,0,-4.184926986694336,-4.5118842124938965,-4.2915520668029785,-4.32945442199707
1326,0,-0.47316017746925354,-0.5641969442367554,1.5336323976516724,0.16542509198188782
1327,0,1.8558921813964844,2.5898516178131104,2.7634670734405518,2.4030702908833823
1328,0,-3.0317342281341553,-3.9632928371429443,-3.297646999359131,-3.4308913548787436
1329,0,-4.154944896697998,-3.0144548416137695,-2.403336763381958,-3.1909121672312417
1330,0,2.0247626304626465,1.729457139968872,0.773370623588562,1.5091967980066936
1331,0,0.8764548897743225,0.44001737236976624,-0.7254307270050049,0.1970138450463613
1332,0,-3.796854019165039,-3.2653679847717285,-3.7394394874572754,-3.600553830464681
1333,0,1.3457609415054321,-3.41609525680542,-3.3336551189422607,-1.8013298114140828
1334,0,-1.1639111042022705,-1.7749242782592773,-0.873010516166687,-1.2706152995427449
1335,0,2.6035306453704834,1.1028350591659546,1.4926153421401978,1.7329936822255452
1336,0,-3.33560848236084,-3.413146495819092,-1.4854650497436523,-2.7447400093078613
1337,0,-3.9830923080444336,-4.21251916885376,-4.306933879852295,-4.167515118916829
1338,0,-3.87153697013855,-2.1650030612945557,-0.926405131816864,-2.320981721083323
1339,0,-4.147938251495361,-4.525601863861084,-4.64418363571167,-4.439241250356038
1340,0,-2.7834601402282715,-2.290114402770996,-2.825488567352295,-2.633021036783854
1341,0,-1.1503444910049438,0.4307567775249481,0.8930402398109436,0.05781750877698263
1342,0,-2.6665537357330322,-3.209746837615967,-3.654395580291748,-3.176898717880249
1343,0,-2.168998956680298,-1.1987557411193848,-0.7837249636650085,-1.3838265538215637
1344,0,-5.192883491516113,-2.363011121749878,-3.057171106338501,-3.5376885732014975
1345,0,1.671647071838379,1.0932313203811646,0.5115926861763,1.0921570261319478
1346,0,-1.4765431880950928,-1.4452929496765137,-3.5087265968322754,-2.1435209115346274
1347,0,-3.6169114112854004,-4.063035488128662,-2.7852494716644287,-3.488398790359497
1348,0,-2.160036087036133,-3.2086198329925537,-1.3947126865386963,-2.2544562021891275
1349,0,-2.0876975059509277,-1.1748874187469482,-2.67685604095459,-1.9798136552174885
1350,0,-2.269015312194824,-1.4800784587860107,-1.6921988725662231,-1.813764214515686
1351,0,1.7076640129089355,1.5856995582580566,1.564437747001648,1.6192671060562134
1352,0,-4.300449848175049,-3.302938938140869,-1.9137312173843384,-3.172373334566752
1353,0,-3.454267978668213,-0.3147842288017273,-2.2966089248657227,-2.0218870441118875
1354,0,-0.12219993770122528,1.3316841125488281,0.12159083038568497,0.4436916684110959
1355,0,-4.431942939758301,-3.9645192623138428,-4.014729976654053,-4.1370640595753985
1356,0,1.533443808555603,1.4459055662155151,1.6816742420196533,1.553674538930257
1357,0,-5.153986930847168,-5.161709785461426,-4.236472129821777,-4.850722948710124
1358,0,-0.8419827222824097,-1.3233152627944946,-3.85897159576416,-2.008089860280355
1359,0,0.9796333909034729,-1.1783584356307983,0.32651564478874207,0.04259686668713888
1360,0,-4.134199619293213,-4.657130718231201,-4.51397705078125,-4.435102462768555
1361,0,1.5651178359985352,-0.2632937431335449,-2.3526973724365234,-0.35029109319051105
1362,0,1.7733676433563232,0.1773092895746231,0.882983922958374,0.9445536186297735
1363,0,-3.8760924339294434,-3.6141655445098877,-3.859163999557495,-3.7831406593322754
1364,0,-1.046892762184143,-0.0316125825047493,0.48801979422569275,-0.19682851682106653
1365,0,-4.886136531829834,-4.507637023925781,-4.531676769256592,-4.641816775004069
1366,0,1.0557252168655396,1.497229814529419,2.2732350826263428,1.6087300380071003
1367,0,-4.096444606781006,-4.629806041717529,-4.483757495880127,-4.403336048126221
1368,0,-3.3143136501312256,-3.773757219314575,-3.4139404296875,-3.5006704330444336
1369,0,0.4646054804325104,1.6125818490982056,1.519431471824646,1.1988729337851207
1370,0,-4.194406509399414,-4.3083109855651855,-5.115093231201172,-4.539270242055257
1371,0,-2.7399020195007324,-2.6212098598480225,-1.1925190687179565,-2.1845436493555703
1372,0,-0.18685433268547058,-1.7992818355560303,-2.1241366863250732,-1.3700909515221913
1373,0,-3.129513740539551,-2.442038059234619,-2.0485620498657227,-2.5400379498799643
1374,0,-3.710202693939209,-1.7705130577087402,-1.9098542928695679,-2.463523348172506
1375,0,-2.9446334838867188,-3.8616318702697754,-3.2138571739196777,-3.340040842692057
1376,0,-5.429476737976074,-5.012950897216797,-4.581048488616943,-5.0078253746032715
1377,0,0.8722325563430786,0.33873316645622253,-0.7976119518280029,0.13778459032376608
1378,0,2.527940273284912,2.1496801376342773,2.329533100128174,2.3357178370157876
1379,0,-0.7733631730079651,-2.7564504146575928,-4.3250813484191895,-2.6182983120282493
1380,0,1.0860273838043213,1.4663147926330566,0.9329968094825745,1.1617796619733174
1381,0,-2.5209438800811768,-1.0726258754730225,-1.0617852210998535,-1.5517849922180176
1382,0,2.2131083011627197,2.313279867172241,0.7693153023719788,1.7652344902356465
1383,0,-2.8273141384124756,-3.9042792320251465,-4.187572479248047,-3.639721949895223
1384,0,3.594862699508667,3.170360565185547,3.2934439182281494,3.352889060974121
1385,0,-3.5998754501342773,-3.9477176666259766,-4.071429252624512,-3.8730074564615884
1386,0,-4.115362644195557,-3.0991644859313965,-2.9259448051452637,-3.3801573117574057
1387,0,-5.504475116729736,-4.609076023101807,-4.234209060668945,-4.782586733500163
1388,0,2.2567074298858643,2.5469634532928467,2.564882755279541,2.4561845461527505
1389,0,-0.30855023860931396,1.4965814352035522,-0.9001544117927551,0.09595892826716106
1390,0,-0.0751509964466095,-0.22167372703552246,-2.6459922790527344,-0.9809390008449554
1391,0,1.5021971464157104,0.49977025389671326,-1.5277009010314941,0.1580888330936432
1392,0,-1.5674728155136108,-0.6728145480155945,-2.104398250579834,-1.4482285380363464
1393,0,2.3445451259613037,1.8906351327896118,1.5542925596237183,1.9298242727915447
1394,0,1.8865950107574463,2.1191720962524414,2.5582621097564697,2.188009738922119
1395,0,0.7099725604057312,1.7663109302520752,-1.8366413116455078,0.2132140596707662
1396,0,-2.762631416320801,-2.7377877235412598,-2.241758108139038,-2.5807257493336997
1397,0,-2.053847551345825,-0.7492555379867554,0.9058501124382019,-0.6324176589647929
1398,0,-2.4995055198669434,-1.970272421836853,-2.429598093032837,-2.299792011578878
1399,0,-1.0259772539138794,-3.81095027923584,-2.9297585487365723,-2.5888953606287637
1400,0,-1.799931287765503,-0.582344651222229,1.60906183719635,-0.25773803393046063
1401,0,2.49489688873291,2.488030195236206,2.0522191524505615,2.345048745473226
1402,0,-2.1465210914611816,-1.6800835132598877,-0.4259518086910248,-1.4175188044706981
1403,0,-5.5019025802612305,-5.480999946594238,-4.059708118438721,-5.0142035484313965
1404,0,-3.3403337001800537,0.14852005243301392,-0.5251749753952026,-1.2389962077140808
1405,0,-3.2925896644592285,-3.419044256210327,-3.209054946899414,-3.3068962891896567
1406,0,-2.4224162101745605,-1.9085829257965088,-1.8246619701385498,-2.051887035369873
1407,0,-0.24371278285980225,-1.7114876508712769,-1.7750543355941772,-1.2434182564417522
1408,0,0.7318587303161621,0.7064213156700134,0.762233555316925,0.7335045337677002
1409,0,-4.6914238929748535,-4.405191421508789,-5.014950275421143,-4.703855196634929
1410,0,-3.224693536758423,-2.734309434890747,-4.195257186889648,-3.384753386179606
1411,0,2.7887463569641113,2.3251779079437256,2.743962526321411,2.619295597076416
1412,0,0.0183692816644907,-0.5018875002861023,1.5710943937301636,0.36252539170285064
1413,0,-3.3702571392059326,-3.1949048042297363,-2.437011957168579,-3.0007246335347495
1414,0,-3.5878982543945312,-3.3832151889801025,-2.895387887954712,-3.2888337771097818
1415,0,-3.0128750801086426,-2.4428696632385254,-2.6380419731140137,-2.6979289054870605
1416,0,-1.4080326557159424,-2.7282371520996094,-1.2977811098098755,-1.8113503058751423
1417,0,-0.7585393786430359,-0.629455029964447,0.584614098072052,-0.2677934368451436
1418,0,-1.1715352535247803,-0.8228731751441956,-0.8591043949127197,-0.9511709411938986
1419,0,-4.473186492919922,-4.172001838684082,-4.040247440338135,-4.22847859064738
1420,0,2.392845630645752,1.5136698484420776,2.1249208450317383,2.0104787747065225
1421,0,2.083256959915161,0.4282850921154022,0.0848860889673233,0.8654760469992956
1422,0,-2.0735487937927246,-2.0582141876220703,-2.427886962890625,-2.18654998143514
1423,0,1.4067952632904053,0.9038847088813782,0.9875206351280212,1.0994002024332683
1424,0,-2.9219541549682617,-3.604745626449585,-2.704894542694092,-3.077198108037313
1425,0,-3.0331671237945557,-1.1308523416519165,-1.6790471076965332,-1.9476888577143352
1426,0,0.3656342923641205,0.7119082808494568,1.7606234550476074,0.9460553427537283
1427,0,-2.6009023189544678,-3.6746020317077637,-3.273845672607422,-3.1831166744232178
1428,0,-3.70150089263916,-1.981518268585205,-1.9828252792358398,-2.555281480153402
1429,0,-4.002234935760498,-3.9952139854431152,-4.139026165008545,-4.045491695404053
1430,0,-4.564226150512695,-3.9057579040527344,-3.4282267093658447,-3.9660702546437583
1431,0,-3.315293788909912,-3.430419921875,-3.4781250953674316,-3.4079462687174478
1432,0,-0.7752054333686829,-0.6052514910697937,0.6920415759086609,-0.22947178284327188
1433,0,-4.347690582275391,-4.587454795837402,-4.717054843902588,-4.55073340733846
1434,0,-3.067948341369629,-3.801802396774292,-2.7140159606933594,-3.1945888996124268
1435,0,-4.019900798797607,-2.4815804958343506,-2.7858283519744873,-3.0957698822021484
1436,0,1.6264222860336304,0.9681810736656189,1.8552457094192505,1.4832830230395
1437,0,-3.575010299682617,-3.2978460788726807,-3.3197226524353027,-3.3975263436635337
1438,0,-4.051689624786377,-4.251487731933594,-4.014565944671631,-4.1059144337972
1439,0,1.8136805295944214,1.023909091949463,1.1676841974258423,1.335091272989909
1440,0,-0.995871365070343,0.6727811694145203,1.5155503749847412,0.39748672644297284
1441,0,-2.1936185359954834,-2.6298987865448,-2.2557733058929443,-2.3597635428110757
1442,0,-3.797567367553711,-3.513335704803467,-2.5298354625701904,-3.2802461783091226
1443,0,-3.122061252593994,-2.62298321723938,-3.5604195594787598,-3.1018213431040444
1444,0,-2.185197114944458,-1.98659348487854,-2.5984206199645996,-2.2567370732625327
1445,0,-4.640413761138916,-4.604735374450684,-4.366053581237793,-4.537067572275798
1446,0,-4.574662685394287,-4.791723728179932,-4.229780673980713,-4.532055695851644
1447,0,-1.620574712753296,-0.7113187909126282,-1.0074694156646729,-1.113120973110199
1448,0,-3.6526010036468506,-3.4952473640441895,-3.526988983154297,-3.558279116948446
1449,0,-4.892647743225098,-5.223343849182129,-2.8045461177825928,-4.3068459033966064
1450,0,-0.78874272108078,1.1164723634719849,0.46748822927474976,0.26507262388865155
1451,0,-4.3256731033325195,-3.36987042427063,-1.8901371955871582,-3.1952269077301025
1452,0,-4.294485569000244,-4.271432399749756,-3.998182773590088,-4.188033580780029
1453,0,-4.473494052886963,-3.954258441925049,-3.200099229812622,-3.875950574874878
1454,0,0.5277199745178223,0.5060513615608215,0.09196335077285767,0.3752448956171672
1455,0,1.2486093044281006,1.7937241792678833,0.5353006720542908,1.1925447185834248
1456,0,-1.0215123891830444,-3.9122986793518066,-1.9425894021987915,-2.2921334902445474
1457,0,-2.5029208660125732,-2.955615282058716,-2.456676959991455,-2.638404369354248
1458,0,-5.2923760414123535,-4.624568462371826,-4.921078205108643,-4.9460075696309405
1459,0,-2.931035280227661,-3.2112174034118652,-3.3824567794799805,-3.174903154373169
1460,0,-4.348560333251953,-4.137548446655273,-4.078158855438232,-4.188089211781819
1461,0,0.24461613595485687,-1.0767199993133545,-1.865574598312378,-0.8992261538902918
1462,0,0.8168944120407104,1.1149386167526245,1.8180373907089233,1.2499568065007527
1463,0,-1.589516043663025,-1.7346304655075073,-1.1916342973709106,-1.5052602688471477
1464,0,1.083390235900879,-0.16090071201324463,-0.6372129917144775,0.09509217739105225
1465,0,-3.860349655151367,-2.908552646636963,-3.22322678565979,-3.33070969581604
1466,0,-2.8295488357543945,-3.3486156463623047,-3.382614850997925,-3.1869264443715415
1467,0,1.025994062423706,-1.3024909496307373,0.2566666603088379,-0.00661007563273112
1468,0,0.2523004412651062,-1.199458122253418,-1.431397557258606,-0.7928517460823059
1469,0,-3.301917791366577,-2.7586324214935303,-2.79013991355896,-2.950230042139689
1470,0,-2.4531748294830322,-2.622886896133423,-2.331627130508423,-2.4692296187082925
1471,0,-3.399332284927368,-3.2793867588043213,-3.735077381134033,-3.4712654749552407
1472,0,-3.012922763824463,-3.303358554840088,-2.664191722869873,-2.993491013844808
1473,0,-3.9768967628479004,-3.302342414855957,-3.553670644760132,-3.6109699408213296
1474,0,-1.7162333726882935,-1.7338279485702515,-1.9477063417434692,-1.7992558876673381
1475,0,2.1353118419647217,1.952158808708191,1.209981918334961,1.7658175230026245
1476,0,-1.1572843790054321,-1.1534756422042847,0.6551586985588074,-0.5518671075503031
1477,0,2.785691261291504,2.866283655166626,2.95236873626709,2.8681145509084067
1478,0,0.978520393371582,1.5335675477981567,2.1502444744110107,1.5541108051935832
1479,0,-3.830430746078491,-4.105558395385742,-3.867961883544922,-3.9346503416697183
1480,0,-0.22987143695354462,-3.050158739089966,-1.155360221862793,-1.4784634659687679
1481,0,-4.911062717437744,-4.345065116882324,-4.948301792144775,-4.734809875488281
1482,0,2.061166763305664,1.8696962594985962,1.185832142829895,1.705565055211385
1483,0,-0.4221663475036621,-1.4653877019882202,-1.8794223070144653,-1.255658785502116
1484,0,-3.6310245990753174,-3.7250266075134277,-1.4203293323516846,-2.92546017964681
1485,0,-1.842688798904419,-1.3078504800796509,-2.1106300354003906,-1.75372310479482
1486,0,-2.560698986053467,-1.7499520778656006,-2.8699357509613037,-2.393528938293457
1487,0,0.3561363220214844,-1.2201900482177734,-1.110917091369629,-0.658323605855306
1488,0,0.39071857929229736,1.0868080854415894,0.1726534366607666,0.5500600337982178
1489,0,-1.7404345273971558,-1.1605732440948486,-1.1801462173461914,-1.3603846629460652
1490,0,3.1789703369140625,2.704720973968506,2.5043935775756836,2.7960282961527505
1491,0,-1.9064615964889526,-2.720581531524658,-3.4705164432525635,-2.6991865237553916
1492,0,-2.7489023208618164,-1.7273547649383545,-1.6646955013275146,-2.0469841957092285
1493,0,-3.9425947666168213,-3.5977110862731934,-1.4942938089370728,-3.0115332206090293
1494,0,2.460888624191284,2.005610704421997,1.7754695415496826,2.0806562900543213
1495,0,1.8771626949310303,0.18356770277023315,0.23445868492126465,0.7650630275408427
1496,0,-3.9752516746520996,-3.179564952850342,-3.6491856575012207,-3.6013340950012207
1497,0,-3.6530582904815674,-3.054574966430664,-2.645373821258545,-3.1176690260569253
1498,0,-1.6748509407043457,-2.365675926208496,-2.0107669830322266,-2.0170979499816895
1499,0,-1.4152699708938599,-3.063049554824829,-2.1337766647338867,-2.204032063484192
1500,0,2.034353256225586,2.4070303440093994,1.5500175952911377,1.997133731842041
1501,0,2.9522831439971924,2.209111452102661,-0.6579374670982361,1.5011523763338726
1502,0,1.691249132156372,1.5787897109985352,-0.3913457989692688,0.9595643480618795
1503,0,-4.449480056762695,-3.632049798965454,-3.508347511291504,-3.8632924556732178
1504,0,0.36751651763916016,0.27317413687705994,0.8077875971794128,0.4828260838985443
1505,0,2.4577620029449463,2.322360038757324,2.162191390991211,2.3141044775644937
1506,0,-1.7141830921173096,-1.0187032222747803,-1.1929113864898682,-1.3085992336273193
1507,0,-2.152290105819702,-2.0637247562408447,-1.8224713802337646,-2.012828747431437
1508,0,-2.85056209564209,-2.9889307022094727,-3.13950777053833,-2.9930001894632974
1509,0,-4.631656646728516,-3.969747543334961,-4.490070819854736,-4.363825003306071
1510,0,-0.9920772910118103,-2.5090174674987793,-0.2672685980796814,-1.2561211188634236
1511,0,-3.4153878688812256,-3.1616768836975098,-3.2867424488067627,-3.287935733795166
1512,0,-4.303722858428955,-3.5103158950805664,-3.261411428451538,-3.691816727320353
1513,0,-4.0012946128845215,-3.5533320903778076,-0.8430426716804504,-2.7992231249809265
1514,0,0.7469674944877625,0.8939089775085449,1.1078497171401978,0.9162420630455017
1515,0,2.5140860080718994,2.366793394088745,2.4174411296844482,2.4327735106150308
1516,0,3.4071149826049805,3.0860860347747803,2.66813063621521,3.0537772178649902
1517,0,-1.2793530225753784,-3.3334803581237793,-2.465576410293579,-2.359469930330912
1518,0,-5.453604698181152,-4.676910400390625,-4.651350498199463,-4.92728853225708
1519,0,3.0027599334716797,2.9983344078063965,2.5503218173980713,2.8504720528920493
1520,0,-3.0642316341400146,-3.517306089401245,-3.3623995780944824,-3.314645767211914
1521,0,-1.1294697523117065,-1.3623907566070557,-1.892735242843628,-1.4615319172541301
1522,0,1.4707350730895996,0.9289575219154358,0.6616399884223938,1.0204441944758098
1523,0,-2.8066940307617188,-3.5386803150177,-2.282423973083496,-2.875932772954305
1524,0,-3.6542434692382812,-2.9415297508239746,-3.467693328857422,-3.3544888496398926
1525,0,-2.8808634281158447,-1.8696045875549316,-2.357048988342285,-2.3691723346710205
1526,0,2.243338108062744,1.967996597290039,1.7134623527526855,1.974932352701823
1527,0,-2.8524229526519775,-3.6033289432525635,-2.711275815963745,-3.0556759039560952
1528,0,-1.7050113677978516,-2.4200098514556885,-1.9998502731323242,-2.041623830795288
1529,0,3.6431965827941895,3.269240617752075,3.3082687854766846,3.406901995340983
1530,0,-3.3469417095184326,-4.7259650230407715,-4.974931240081787,-4.349279324213664
1531,0,1.836501121520996,2.054471492767334,2.2361419200897217,2.0423715114593506
1532,0,-4.421969890594482,-4.696427345275879,-4.01952600479126,-4.379307746887207
1533,0,-3.0962307453155518,-2.9330573081970215,-3.05228328704834,-3.0271904468536377
1534,0,2.5782487392425537,1.3162952661514282,0.5846096277236938,1.4930512110392253
1535,0,-3.2178945541381836,-3.0546767711639404,-2.2578835487365723,-2.843484958012899
1536,0,-3.3567006587982178,-2.426323413848877,-2.5172176361083984,-2.766747236251831
1537,0,-1.3674651384353638,1.1123628616333008,-0.43851304054260254,-0.23120510578155518
1538,0,-2.886589765548706,-3.108487844467163,-0.06597477197647095,-2.0203507939974465
1539,0,-0.20248956978321075,-1.3461531400680542,-2.624887228012085,-1.39117664595445
1540,0,1.0717724561691284,-0.5069702863693237,-1.2859653234481812,-0.24038771788279215
1541,0,-2.165444850921631,-2.8030433654785156,-0.22902517020702362,-1.73250446220239
1542,0,1.2311949729919434,1.3456478118896484,0.9258928298950195,1.1675785382588704
1543,0,-3.55302095413208,-2.9756574630737305,-3.104658603668213,-3.2111123402913413
1544,0,-3.2822303771972656,-2.8636441230773926,-1.3626457452774048,-2.5028400818506875
1545,0,-0.9812551736831665,-2.7910172939300537,-2.1434316635131836,-1.9719013770421345
1546,0,1.8233246803283691,1.958836555480957,1.904860258102417,1.8956738313039143
1547,0,-3.418639898300171,-3.0258328914642334,-2.038313388824463,-2.8275953928629556
1548,0,-1.9630765914916992,-2.509784698486328,-3.098003625869751,-2.5236216386159263
1549,0,-0.7603283524513245,-1.9715940952301025,-1.8700577020645142,-1.533993383248647
1550,0,3.0508787631988525,2.724191904067993,2.340689182281494,2.70525328318278
1551,0,-1.48349130153656,-2.080789089202881,-1.5413837432861328,-1.7018880446751912
1552,0,0.010910755023360252,1.575332522392273,2.410400152206421,1.3322144765406847
1553,0,-4.273237705230713,-1.9086226224899292,-1.6146571636199951,-2.5988391637802124
1554,0,-1.723466157913208,-1.7613508701324463,-0.7229830026626587,-1.4026000102361043
1555,0,0.4222472310066223,1.121067762374878,0.23208245635032654,0.5917991499106089
1556,0,2.21419095993042,1.8842031955718994,2.387460231781006,2.161951462427775
1557,0,-3.520061492919922,-2.745867967605591,-2.9367592334747314,-3.0675628980000815
1558,0,-3.4748148918151855,-2.535184860229492,-4.249356746673584,-3.419785499572754
1559,0,-3.1025896072387695,-3.2304136753082275,-3.1916685104370117,-3.1748905976613364
1560,0,-1.330991268157959,1.5529483556747437,-1.8317070007324219,-0.5365833044052124
1561,0,-3.2307496070861816,-2.509488344192505,-2.527921676635742,-2.7560532093048096
1562,0,-1.5166106224060059,-1.2592616081237793,0.578021764755249,-0.7326168219248453
1563,0,-3.990109920501709,-3.712918996810913,-3.8542706966400146,-3.852433204650879
1564,0,-2.7958574295043945,-2.0162277221679688,-2.1371676921844482,-2.316417614618937
1565,0,-3.466325044631958,-3.2232556343078613,-2.280407667160034,-2.9899961153666177
1566,0,-1.8908038139343262,-2.4343698024749756,-1.3897172212600708,-1.9049636125564575
1567,0,-0.8195739984512329,-2.226534366607666,-0.7202115654945374,-1.2554399768511455
1568,0,1.7252867221832275,-0.6198952794075012,-2.035468339920044,-0.3100256323814392
1569,0,-1.1251236200332642,-2.2857868671417236,-2.254286766052246,-1.8883990844090779
1570,0,2.5874531269073486,3.275096893310547,2.4538769721984863,2.7721423308054605
1571,0,-4.98925256729126,-4.39506721496582,-2.068298578262329,-3.8175394535064697
1572,0,-0.33587825298309326,-0.8052262663841248,-0.7978624105453491,-0.6463223099708557
1573,0,1.4025781154632568,1.455517053604126,0.6231319308280945,1.1604090332984924
1574,0,-3.5248100757598877,-3.6738994121551514,-4.5911102294921875,-3.9299399058024087
1575,0,-5.388864517211914,-5.786614418029785,-5.835726737976074,-5.670401891072591
1576,0,-1.3586598634719849,-0.8998251557350159,-0.37446659803390503,-0.8776505390803019
1577,0,2.1989383697509766,2.692835807800293,2.9545211791992188,2.615431785583496
1578,0,-3.0715367794036865,-3.4211597442626953,-4.063865661621094,-3.5188540617624917
1579,0,0.17363564670085907,1.0050960779190063,1.6918299198150635,0.9568538814783096
1580,0,-3.55668044090271,-3.3915557861328125,-3.4655706882476807,-3.471268971761068
1581,0,-0.3796907365322113,0.293231725692749,-0.10090139508247375,-0.06245346864064535
1582,0,-2.4623405933380127,-3.7089102268218994,-3.6722218990325928,-3.2811575730641684
1583,0,-0.10653659701347351,-0.5727168917655945,-0.19109943509101868,-0.29011764129002887
1584,0,1.399948000907898,-0.5217834115028381,0.6855742931365967,0.5212462941805521
1585,0,-2.017913579940796,0.26859357953071594,-0.5758069157600403,-0.77504230539004
1586,0,-0.48707085847854614,-1.6059988737106323,-1.5575969219207764,-1.2168888847033184
1587,0,2.397487163543701,2.2602555751800537,1.2288498878479004,1.9621975421905518
1588,0,1.6015971899032593,-0.16823776066303253,-0.7921954989433289,0.21372131009896597
1589,0,-4.597538471221924,-4.320026874542236,-3.101759433746338,-4.006441593170166
1590,0,2.0984809398651123,1.1622992753982544,1.9097416400909424,1.723507285118103
1591,0,-2.9157116413116455,-2.9195444583892822,-3.2746009826660156,-3.036619027455648
1592,0,-1.3887802362442017,-1.4038877487182617,-3.1132984161376953,-1.9686554670333862
1593,0,-3.2592592239379883,-1.8654098510742188,-1.3820264339447021,-2.1688985029856362
1594,0,1.9860742092132568,1.7734373807907104,1.8775546550750732,1.8790220816930134
1595,0,-0.086461640894413,0.19482026994228363,0.49917715787887573,0.20251192897558212
1596,0,-0.012333834543824196,1.0902315378189087,0.3233112096786499,0.4670696376512448
1597,0,-4.875617504119873,-4.832787036895752,-4.162703990936279,-4.623702843983968
1598,0,-2.8568053245544434,-2.3488376140594482,-1.5739762783050537,-2.259873072306315
1599,0,-2.188739776611328,-2.714717388153076,-1.95164954662323,-2.285035570462545
1600,0,-3.578561544418335,-2.3307366371154785,-2.951073408126831,-2.9534571965535483
1601,0,-0.38032716512680054,-1.0809725522994995,0.8613772988319397,-0.19997413953145346
1602,0,-3.186552047729492,-2.310028553009033,-2.6343467235565186,-2.710309108098348
1603,0,-1.7001304626464844,-1.2804034948349,-2.220184326171875,-1.7335727612177532
1604,0,2.2419967651367188,0.37272554636001587,1.005738615989685,1.20682030916214
1605,0,-0.8928478360176086,-0.9284551739692688,-0.8121898770332336,-0.877830962340037
1606,0,-2.015523672103882,-1.7047675848007202,-1.214572548866272,-1.6449546019236247
1607,0,-3.2834842205047607,-4.163378715515137,-4.430453300476074,-3.9591054121653237
1608,0,-2.914341688156128,-2.7295491695404053,-2.5463576316833496,-2.7300828297932944
1609,0,-0.012859329581260681,1.4976264238357544,2.117152452468872,1.2006398489077885
1610,0,1.415520191192627,1.6794062852859497,2.4557559490203857,1.8502274751663208
1611,0,-3.9828195571899414,-4.036663055419922,-3.5925402641296387,-3.8706742922465005
1612,0,2.407465696334839,0.36572355031967163,1.9476386308670044,1.5736092925071716
1613,0,-2.2163784503936768,-2.9385056495666504,-1.3381767272949219,-2.164353609085083
1614,0,-4.7176899909973145,-3.8148138523101807,-4.091683864593506,-4.208062569300334
1615,0,-5.959404468536377,-6.185614585876465,-6.557667255401611,-6.234228769938151
1616,0,-3.473942995071411,-2.9711239337921143,-3.0778896808624268,-3.174318869908651
1617,0,-0.5288637280464172,-2.355560541152954,-3.227069854736328,-2.0371647079785666
1618,0,2.293149948120117,2.797116756439209,2.4457709789276123,2.512012561162313
1619,0,1.1476856470108032,0.1395704448223114,1.7657743692398071,1.0176768203576405
1620,0,1.0699915885925293,1.2980488538742065,1.3558292388916016,1.2412898937861125
1621,0,2.57586669921875,2.1456682682037354,2.0357260704040527,2.252420345942179
1622,0,-4.107324600219727,-2.0514540672302246,-1.5308208465576172,-2.563199838002523
1623,0,0.9917463660240173,1.2030411958694458,1.5127685070037842,1.235852022965749
1624,0,-0.561119794845581,0.01834159716963768,0.3016137480735779,-0.08038814986745517
1625,0,2.909003257751465,2.7349190711975098,2.72412109375,2.7893478075663247
1626,0,-1.4156832695007324,-0.5899285674095154,0.27310216426849365,-0.5775032242139181
1627,0,1.4183183908462524,-0.309717059135437,2.1913998126983643,1.1000003814697266
1628,0,-3.028856039047241,-3.069596767425537,-2.3782248497009277,-2.825559218724569
1629,0,1.6037707328796387,0.46025967597961426,1.7724556922912598,1.2788287003835042
1630,0,-3.6802878379821777,-4.124757766723633,-4.122735977172852,-3.975927193959554
1631,0,-2.5296883583068848,-2.2540335655212402,-2.3326876163482666,-2.3721365133921304
1632,0,-2.813223123550415,-3.087533473968506,-3.626988649368286,-3.175915082295736
1633,0,-1.378568410873413,-1.272725224494934,-1.371185302734375,-1.3408263127009075
1634,0,-3.455394983291626,-3.398047924041748,-3.583178758621216,-3.47887388865153
1635,0,1.2543081045150757,-0.3071441650390625,-0.11796897649765015,0.27639832099278766
1636,0,-2.7171850204467773,-1.585105061531067,-1.0791898965835571,-1.793826659520467
1637,0,-2.6896142959594727,-1.878865122795105,-1.8766757249832153,-2.1483850479125977
1638,0,-4.636607646942139,-4.391622066497803,-4.238490581512451,-4.422240098317464
1639,0,2.5167124271392822,2.4859702587127686,2.4766674041748047,2.4931166966756186
1640,0,1.3869595527648926,1.7589926719665527,1.008629560470581,1.384860595067342
1641,0,-4.15542459487915,-4.268685340881348,-3.7781713008880615,-4.0674270788828535
1642,0,-0.48851531744003296,0.29095688462257385,0.5220584869384766,0.10816668470700581
1643,0,-3.825664520263672,-3.3379361629486084,-1.8740222454071045,-3.0125409762064614
1644,0,2.1267123222351074,1.821576714515686,2.0327529907226562,1.9936806758244832
1645,0,1.5597865581512451,0.646759569644928,1.3201773166656494,1.1755744814872742
1646,0,-4.525409698486328,-4.25274658203125,-4.4618377685546875,-4.413331349690755
1647,0,-1.7301238775253296,-3.56363582611084,-3.3047280311584473,-2.866162578264872
1648,0,-2.0316061973571777,0.15201283991336823,-0.916677713394165,-0.9320903569459915
1649,0,-3.7525861263275146,-3.220288038253784,-3.6536009311676025,-3.542158365249634
1650,0,0.7452100515365601,-1.2157572507858276,-2.7593352794647217,-1.076627492904663
1651,0,-3.0361111164093018,-2.638775110244751,-2.7393746376037598,-2.804753621419271
1652,0,2.091280460357666,2.4433481693267822,2.4579601287841797,2.3308629194895425
1653,0,-0.7197195291519165,-1.0112814903259277,0.6779811382293701,-0.3510066270828247
1654,0,1.1844077110290527,0.6292435526847839,0.27690649032592773,0.6968525846799215
1655,0,0.5266417860984802,-0.2655388414859772,-0.902102530002594,-0.21366652846336365
1656,0,-1.9287445545196533,-1.4363738298416138,-2.0944626331329346,-1.8198603391647339
1657,0,-2.2288057804107666,-1.6837105751037598,-2.142908811569214,-2.01847505569458
1658,0,-1.625246524810791,-2.119802713394165,-1.5102728605270386,-1.7517740329106648
1659,0,-3.8156256675720215,-4.2084641456604,-4.587410926818848,-4.20383358001709
1660,0,1.3463802337646484,0.8130315542221069,-2.859935998916626,-0.23350807030995688
1661,0,-3.5161399841308594,-3.5339455604553223,-2.946000337600708,-3.33202862739563
1662,0,2.0088396072387695,1.6976820230484009,1.408224105834961,1.7049152453740437
1663,0,-3.6129894256591797,-3.356656551361084,-3.5083985328674316,-3.4926815032958984
1664,0,1.4288041591644287,1.2438735961914062,0.8947069048881531,1.1891282200813293
1665,0,-2.851457357406616,-1.7176982164382935,0.0007878448814153671,-1.5227892429878314
1666,0,-3.415088653564453,-3.7789015769958496,-2.3943300247192383,-3.196106751759847
1667,0,-2.2712106704711914,-2.030475616455078,-0.85081946849823,-1.7175019184748332
1668,0,-2.338819742202759,-1.92227041721344,-2.473849058151245,-2.244979739189148
1669,0,-3.9316329956054688,-3.9610748291015625,-2.6667978763580322,-3.5198352336883545
1670,0,-1.1208398342132568,-0.07332019507884979,-0.6737637519836426,-0.6226412604252497
1671,0,-4.638757705688477,-4.245504856109619,-3.8761098384857178,-4.2534574667612715
1672,0,-3.3735949993133545,-4.9611077308654785,-3.9468822479248047,-4.093861659367879
1673,0,0.08639448881149292,-0.4656258523464203,-1.3272287845611572,-0.5688200493653616
1674,0,-4.304103851318359,-4.581197261810303,-3.982715606689453,-4.289338906606038
1675,0,-5.30588960647583,-5.357040882110596,-5.228071689605713,-5.297000726064046
1676,0,-4.024629592895508,-3.4776244163513184,-1.691908597946167,-3.064720869064331
1677,0,-3.1704423427581787,-1.9220740795135498,-2.8035597801208496,-2.632025400797526
1678,0,-3.785763740539551,-3.7455801963806152,-3.7757785320281982,-3.769040822982788
1679,0,-1.9300024509429932,-1.9985566139221191,-0.3958001434803009,-1.441453069448471
1680,0,3.454214572906494,2.2973532676696777,1.8601003885269165,2.537222743034363
1681,0,1.432800054550171,-0.38701772689819336,0.1874399483203888,0.41107409199078876
1682,0,-4.005770683288574,-4.03455114364624,-3.615349769592285,-3.885223865509033
1683,0,2.1000311374664307,0.17728754878044128,1.253835678100586,1.177051454782486
1684,0,-3.5896384716033936,-3.4151647090911865,-3.3800079822540283,-3.4616037209828696
1685,0,-2.414618730545044,0.1784338802099228,-2.8383290767669678,-1.691504642367363
1686,0,-3.0808820724487305,-3.154806137084961,-2.7365150451660156,-2.990734418233236
1687,0,-3.1760377883911133,-2.969564199447632,-4.074426651000977,-3.4066762129465737
1688,0,2.0631651878356934,0.39312461018562317,0.4098483622074127,0.9553793867429098
1689,0,-2.13991641998291,-1.5946884155273438,-0.31762954592704773,-1.350744793812434
1690,0,0.09674452245235443,0.0604332834482193,0.6371179223060608,0.26476524273554486
1691,0,2.634251594543457,0.9995413422584534,0.8819540739059448,1.5052490035692851
1692,0,-3.204554319381714,-2.669102430343628,-1.0568093061447144,-2.3101553519566855
1693,0,-4.594635963439941,-3.6374611854553223,-3.611851453781128,-3.9479828675587973
1694,0,1.376718282699585,2.107050657272339,2.627017021179199,2.036928653717041
1695,0,-1.901003360748291,1.093531608581543,0.33741819858551025,-0.1566845178604126
1696,0,-2.71744966506958,-2.3134453296661377,0.976693332195282,-1.3514005541801453
1697,0,-0.650154709815979,-0.20491516590118408,0.4122825860977173,-0.14759576320648193
1698,0,-4.971006870269775,-5.0115532875061035,-4.505712509155273,-4.829424222310384
1699,0,-2.36368989944458,-4.664205074310303,-4.2967529296875,-3.7748826344807944
1700,0,0.6452485918998718,0.192546084523201,0.78761225938797,0.5418023119370142
1701,0,-1.9641008377075195,1.347267508506775,1.3442904949188232,0.2424857219060262
1702,0,1.1483469009399414,-0.6678963303565979,-0.5117244720458984,-0.010424633820851644
1703,0,-2.8979153633117676,-0.8998100757598877,-2.0460047721862793,-1.9479100704193115
1704,0,-3.001180648803711,-2.427058696746826,-1.872583270072937,-2.433607538541158
1705,0,-3.9198176860809326,-2.9089622497558594,-3.656024217605591,-3.4949347178141275
1706,0,2.8129663467407227,2.681140899658203,2.722028970718384,2.7387120723724365
1707,0,2.39963960647583,1.9451628923416138,1.9648761749267578,2.1032262245814004
1708,0,-1.1691725254058838,-3.9062418937683105,-4.123397350311279,-3.066270589828491
1709,0,0.4670664072036743,-1.053761601448059,-3.0300610065460205,-1.2055854002634685
1710,0,-4.641595363616943,-3.5535478591918945,-3.6957931518554688,-3.9636454582214355
1711,0,-4.969161033630371,-4.395880222320557,-3.8742125034332275,-4.413084586461385
1712,0,-4.924869060516357,-4.417301177978516,-4.086085319519043,-4.476085186004639
1713,0,-1.3340855836868286,-1.0850045680999756,-0.2751283645629883,-0.8980728387832642
1714,0,0.41552892327308655,1.5025643110275269,0.6847865581512451,0.8676265974839529
1715,0,-0.308276891708374,1.1292239427566528,2.065180540084839,0.9620425303777059
1716,0,2.4086577892303467,1.962997317314148,2.016878604888916,2.12951123714447
1717,0,2.435093879699707,2.698249101638794,2.5868518352508545,2.5733982721964517
1718,0,-3.650007724761963,-3.908933639526367,-3.486849308013916,-3.6819302241007485
1719,0,-2.7557318210601807,-2.2317376136779785,-0.7517172694206238,-1.9130622347195942
1720,0,1.8889565467834473,-0.03706399351358414,1.7560467720031738,1.202646441757679
1721,0,-4.062342643737793,-4.520660877227783,-3.414433002471924,-3.9991455078125
1722,0,3.3366198539733887,3.146839141845703,3.086890935897827,3.1901166439056396
1723,0,-4.272282600402832,-3.7094368934631348,-3.153787612915039,-3.7118357022603354
1724,0,-3.5871856212615967,-3.0010061264038086,-1.6690640449523926,-2.752418597539266
1725,0,-1.1565974950790405,-0.6425379514694214,1.0115143060684204,-0.26254038016001385
1726,0,-2.1510138511657715,-1.1099951267242432,-1.8115071058273315,-1.6908386945724487
1727,0,-3.691795825958252,-3.5079288482666016,-3.058483362197876,-3.4194026788075766
1728,0,2.615854501724243,-0.2642967700958252,-1.5064654350280762,0.28169743220011395
1729,0,-2.57477068901062,0.7333601713180542,0.5497892498970032,-0.43054042259852093
1730,0,-0.07623772323131561,-0.05879491567611694,0.6447710990905762,0.16991282006104788
1731,0,-4.5217061042785645,-4.302977561950684,-4.21566915512085,-4.346784273783366
1732,0,-1.004274845123291,-1.6338393688201904,-1.5889593362808228,-1.4090245167414348
1733,0,-1.1754162311553955,-1.0916714668273926,0.17796260118484497,-0.6963750322659811
1734,0,-3.813338041305542,-3.1465601921081543,-2.2816693782806396,-3.0805225372314453
1735,0,-0.3995901346206665,-2.2878835201263428,-3.548675537109375,-2.0787163972854614
1736,0,-1.7608449459075928,-4.0114264488220215,-3.7388877868652344,-3.1703863938649497
1737,0,-2.2303855419158936,-3.0219032764434814,-2.164525270462036,-2.4722713629404702
1738,0,-1.1532187461853027,-1.079531192779541,-0.27843236923217773,-0.8370607693990072
1739,0,-3.7513110637664795,-3.3823130130767822,-3.6595070362091064,-3.597710371017456
1740,0,2.7109339237213135,2.891713857650757,2.6242148876190186,2.742287556330363
1741,0,-1.2778055667877197,-1.643693447113037,-0.8291224837303162,-1.2502071658770244
1742,0,2.073615789413452,2.0754334926605225,2.1625852584838867,2.1038781801859536
1743,0,-1.1411346197128296,0.37811627984046936,-1.3517487049102783,-0.7049223482608795
1744,0,-4.091737747192383,-4.022106170654297,-3.838059425354004,-3.9839677810668945
1745,0,-3.211163282394409,-2.9650638103485107,-1.9414212703704834,-2.7058827877044678
1746,0,-2.7194271087646484,-3.189962863922119,-0.9134688377380371,-2.2742862701416016
1747,0,-4.502617359161377,-3.9852447509765625,-3.535440444946289,-4.007767518361409
1748,0,-0.0701986700296402,2.6274938583374023,2.753692150115967,1.7703291128079097
1749,0,-4.302132606506348,-3.2698957920074463,-2.614380359649658,-3.395469586054484
1750,0,-1.1343249082565308,-1.6192545890808105,1.6388165950775146,-0.3715876340866089
1751,0,0.9003368616104126,0.4399511516094208,-0.10961852967739105,0.4102231611808141
1752,0,0.9904260635375977,-0.17142082750797272,-0.26809704303741455,0.1836360643307368
1753,0,-4.908510208129883,-4.247157096862793,-3.924381732940674,-4.360016345977783
1754,0,2.0463500022888184,0.632239580154419,0.26916182041168213,0.9825838009516398
1755,0,2.2457501888275146,0.6891831755638123,1.273720383644104,1.402884582678477
1756,0,-3.427555561065674,-2.5154287815093994,-3.0445473194122314,-2.9958438873291016
1757,0,-4.569758415222168,-4.644495964050293,-4.174706935882568,-4.462987105051677
1758,0,0.8014475107192993,1.8933250904083252,0.30734920501708984,1.0007072687149048
1759,0,2.621708393096924,1.8370413780212402,2.6405014991760254,2.366417090098063
1760,0,-3.7534756660461426,-3.9597887992858887,-3.3614389896392822,-3.691567818323771
1761,0,-3.043452024459839,-2.7784342765808105,-2.714413642883301,-2.845433314641317
1762,0,-3.660311222076416,-3.6085522174835205,-2.8684637546539307,-3.3791090647379556
1763,0,-4.34205961227417,-4.102180480957031,-3.469315767288208,-3.971185286839803
1764,0,-2.573988676071167,-3.4848077297210693,-3.7277090549468994,-3.2621684869130454
1765,0,2.3383302688598633,1.5445716381072998,1.6842081546783447,1.855703353881836
1766,0,1.653576135635376,1.319671630859375,1.4584943056106567,1.4772473573684692
1767,0,-4.288182258605957,-4.620655059814453,-4.332610130310059,-4.413815816243489
1768,0,-0.26348984241485596,-1.180618166923523,-0.14332671463489532,-0.5291449079910914
1769,0,2.2211525440216064,2.228505849838257,1.5309215784072876,1.9935266574223836
1770,0,-2.6811141967773438,-2.1508889198303223,-2.668073892593384,-2.500025669733683
1771,0,-3.9964241981506348,-4.708484172821045,-3.7276346683502197,-4.1441810131073
1772,0,2.8082668781280518,2.6399896144866943,2.726440906524658,2.7248991330464682
1773,0,-1.1891659498214722,-1.5697858333587646,-0.6870216131210327,-1.1486577987670898
1774,0,-3.018018960952759,-2.8420424461364746,-3.2543675899505615,-3.038142999013265
1775,0,1.419874668121338,1.0539408922195435,1.5573588609695435,1.3437248071034749
1776,0,-1.4413785934448242,-2.6166725158691406,-1.6987782716751099,-1.9189431269963582
1777,0,-3.8463730812072754,-4.148402690887451,-2.99530291557312,-3.6633595625559487
1778,0,-4.144593715667725,-2.625880241394043,-3.5525784492492676,-3.441017468770345
1779,0,2.5895438194274902,2.862701177597046,2.7199654579162598,2.724070151646932
1780,0,-4.175939559936523,-4.432950019836426,-4.402836799621582,-4.337242126464844
1781,0,2.3965985774993896,2.4474470615386963,2.534592866897583,2.459546168645223
1782,0,-2.0827178955078125,0.33174651861190796,1.0843511819839478,-0.22220673163731894
1783,0,1.8046417236328125,2.2150979042053223,2.1664953231811523,2.062078317006429
1784,0,-3.2120003700256348,-3.56286883354187,-2.8805530071258545,-3.2184740702311196
1785,0,0.07704662531614304,-0.7588828802108765,-0.5712079405784607,-0.4176813984910647
1786,0,-2.822073221206665,-1.9724135398864746,-1.1367907524108887,-1.9770925045013428
1787,0,-3.7548987865448,-3.8611860275268555,-3.7209599018096924,-3.7790149052937827
1788,0,0.2538459002971649,-1.4374123811721802,-1.6302486658096313,-0.9379383822282156
1789,0,-1.0897260904312134,-2.3189539909362793,-2.146019220352173,-1.8515664339065552
1790,0,-3.999326705932617,-3.3754043579101562,-3.4962551593780518,-3.623662074406942
1791,0,-0.46615180373191833,-2.880366563796997,-1.3573174476623535,-1.567945271730423
1792,0,-2.7504708766937256,-2.1058738231658936,-2.1524765491485596,-2.336273749669393
1793,0,-2.173555850982666,0.006368089467287064,0.3479028642177582,-0.6064282990992069
1794,0,2.592451333999634,1.068937063217163,1.0936427116394043,1.5850103696187336
1795,0,1.9797918796539307,1.563220500946045,1.1004409790039062,1.5478177865346272
1796,0,-1.6393471956253052,-1.8770420551300049,-0.5534761548042297,-1.35662180185318
1797,0,2.7931628227233887,2.8387699127197266,3.0451722145080566,2.8923683166503906
1798,0,2.8206496238708496,0.5000881552696228,1.4191462993621826,1.579961359500885
1799,0,-0.9983498454093933,0.17236819863319397,-2.2708187103271484,-1.0322667857011159
1800,0,-1.8141684532165527,-2.479452610015869,-1.2428127527236938,-1.8454779386520386
1801,0,-4.489620208740234,-4.41225004196167,-3.252189874649048,-4.051353375116984
1802,0,-2.2516517639160156,1.018071174621582,0.3712587356567383,-0.28744061787923175
1803,0,-0.1205277144908905,-1.3215696811676025,-0.876792311668396,-0.7729632357756296
1804,0,-3.846552848815918,-4.707319736480713,-3.691002368927002,-4.081624984741211
1805,0,1.469643473625183,0.27588823437690735,-1.0750657320022583,0.22348865866661072
1806,0,1.0640830993652344,1.3201438188552856,0.8563939929008484,1.0802069703737895
1807,0,2.571526288986206,2.2209014892578125,2.3185856342315674,2.370337804158529
1808,0,-2.901102066040039,-3.0755441188812256,-1.450799822807312,-2.4758153359095254
1809,0,0.008705869317054749,-1.8444530963897705,-1.6494697332382202,-1.161738986770312
1810,0,-2.3780555725097656,-2.6370508670806885,-1.7805875539779663,-2.2652313311894736
1811,0,0.48188018798828125,0.37587136030197144,0.19812437891960144,0.3519586424032847
1812,0,2.540465831756592,2.3357698917388916,2.227445363998413,2.367893695831299
1813,0,-0.7649660706520081,-1.0262916088104248,-1.5703407526016235,-1.1205328106880188
1814,0,-3.4946908950805664,-3.0676827430725098,-4.0369038581848145,-3.533092498779297
1815,0,-3.5645244121551514,-3.5109684467315674,-3.6726088523864746,-3.582700570424398
1816,0,-5.117409706115723,-4.607795238494873,-4.2545928955078125,-4.659932613372803
1817,0,3.358613967895508,3.2999844551086426,3.019254446029663,3.2259509563446045
1818,0,-0.4208931624889374,0.8131469488143921,-0.5017781853675842,-0.036508133014043175
1819,0,-3.8569188117980957,-3.5093698501586914,-3.416201114654541,-3.594163258870443
1820,0,-3.335061550140381,-2.6910629272460938,-2.5540928840637207,-2.860072453816732
1821,0,-3.149559497833252,-3.2162041664123535,-3.9714176654815674,-3.4457271099090576
1822,0,-4.000528335571289,-3.8743910789489746,-4.24375581741333,-4.039558410644531
1823,0,-2.1757853031158447,-0.9982066750526428,1.1391682624816895,-0.6782745718955994
1824,0,-2.8455047607421875,-4.049703121185303,-3.5653157234191895,-3.4868412017822266
1825,0,-3.237093925476074,-3.093451499938965,-3.0772104263305664,-3.135918617248535
1826,0,-2.61857008934021,-2.3853683471679688,-2.207310199737549,-2.4037495454152427
1827,0,-0.2944815158843994,1.3960508108139038,-0.19455485045909882,0.3023381481568019
1828,0,2.3149092197418213,0.9639278054237366,1.5856047868728638,1.6214806040128071
1829,0,-5.5564117431640625,-5.4838762283325195,-5.510775089263916,-5.517021020253499
1830,0,-3.6966798305511475,-3.823688268661499,-3.681774139404297,-3.7340474128723145
1831,0,-5.23245096206665,-5.024626731872559,-5.212562561035156,-5.156546751658122
1832,0,-3.3592498302459717,-2.87516450881958,-3.2402892112731934,-3.1582345167795816
1833,0,-2.808678150177002,-2.929415464401245,-4.152472019195557,-3.2968552112579346
1834,0,-2.831580400466919,-2.295118570327759,-0.3905535936355591,-1.8390841881434123
1835,0,0.4459286034107208,1.5401586294174194,0.6971288919448853,0.8944053749243418
1836,0,-1.8179374933242798,-1.6491460800170898,-1.8943309783935547,-1.7871381839116414
1837,0,-2.740598440170288,-3.717589855194092,-3.0580387115478516,-3.1720756689707437
1838,0,-0.5808274149894714,-0.6108759641647339,-0.049522995948791504,-0.4137421250343323
1839,0,2.4286794662475586,2.142164468765259,2.2241742610931396,2.2650060653686523
1840,0,-3.0606112480163574,-3.8684349060058594,-2.9970650672912598,-3.3087037404378257
1841,0,-3.7437708377838135,-2.826232433319092,-2.3417463302612305,-2.970583200454712
1842,0,-2.09574556350708,-1.6830344200134277,-1.264716386795044,-1.6811654567718506
1843,0,1.840019941329956,1.6526902914047241,2.1594293117523193,1.8840465148289998
1844,0,-3.388275384902954,-2.7165019512176514,-2.63759708404541,-2.9141248067220054
1845,0,2.1477861404418945,2.296705484390259,3.005167007446289,2.483219544092814
1846,0,-3.727379083633423,-3.5447163581848145,-3.38486647605896,-3.552320639292399
1847,0,-1.0326199531555176,-2.2705185413360596,-3.313169002532959,-2.205435832341512
1848,0,1.90436851978302,1.2729328870773315,0.04108705371618271,1.0727961535255115
1849,0,-3.279296636581421,-2.8119888305664062,-3.275615692138672,-3.122300386428833
1850,0,-2.2330551147460938,-3.870267868041992,-1.6676595211029053,-2.590327501296997
1851,0,-0.8393683433532715,-1.57357919216156,-1.2692501544952393,-1.227399230003357
1852,0,-0.30562880635261536,-2.55765700340271,-1.302610993385315,-1.3886322677135468
1853,0,-4.123281955718994,-3.0535922050476074,-4.002631664276123,-3.726501941680908
1854,0,1.0463052988052368,1.84978187084198,1.8904519081115723,1.5955130259195964
1855,0,0.40176165103912354,0.529071569442749,1.305204153060913,0.7453457911809286
1856,0,-4.5455732345581055,-4.079204082489014,-3.9524965286254883,-4.192424615224202
1857,0,-3.604372978210449,-1.293360710144043,0.05333595722913742,-1.6147992437084515
1858,0,-2.330641746520996,-1.9663269519805908,-1.6667991876602173,-1.9879226287206013
1859,0,-3.085911989212036,-1.7784887552261353,-1.4331837892532349,-2.0991948445638022
1860,0,-0.4120063781738281,-1.4447710514068604,-2.1081764698028564,-1.321651299794515
1861,0,-1.3568607568740845,0.11363053321838379,-0.9896791577339172,-0.7443031271298727
1862,0,-4.004741191864014,-3.679326295852661,-3.837045431137085,-3.8403709729512534
1863,0,-2.6597654819488525,-2.5568206310272217,-2.5926249027252197,-2.603070338567098
1864,0,-4.054468154907227,-3.4497458934783936,-3.73954439163208,-3.7479194800059
1865,0,0.9150580763816833,1.7841107845306396,1.2904880046844482,1.3298856218655903
1866,0,2.128190040588379,1.7818676233291626,1.1636805534362793,1.6912460724512737
1867,0,1.0497673749923706,0.31236693263053894,0.006451267749071121,0.4561951917906602
1868,0,-2.095776081085205,-2.8403754234313965,-0.9793370366096497,-1.9718295137087505
1869,0,-3.637662887573242,-0.8606496453285217,-1.8017252683639526,-2.1000126004219055
1870,0,-2.984694242477417,-3.642002582550049,-2.4492151737213135,-3.0253039995829263
1871,0,0.6374614238739014,0.03320682421326637,0.77554851770401,0.48207225526372594
1872,0,2.618814468383789,2.4087371826171875,2.4780688285827637,2.50187349319458
1873,0,-4.578160285949707,-3.795104503631592,-4.431168079376221,-4.268144289652507
1874,0,2.6628828048706055,2.5086231231689453,2.615952730178833,2.5958195527394614
1875,0,-0.9589008688926697,-2.140904426574707,-1.3952592611312866,-1.4983548521995544
1876,0,0.5445643663406372,-0.3200829029083252,-0.4861990809440613,-0.08723920583724976
1877,0,-3.3267757892608643,-2.652611255645752,-1.901633858680725,-2.6270069678624473
1878,0,-3.395805835723877,-3.984060764312744,-4.4081711769104,-3.9293459256490073
1879,0,-2.8107552528381348,-3.0358986854553223,-2.7328600883483887,-2.8598380088806152
1880,0,-3.027113199234009,-2.1267435550689697,-2.3600919246673584,-2.504649559656779
1881,0,0.5520931482315063,-0.7111569046974182,-0.09701728820800781,-0.08536034822463989
1882,0,-3.4994609355926514,-4.134777069091797,-3.3063013553619385,-3.6468464533487954
1883,0,-2.715505838394165,-4.271291732788086,-2.096153497695923,-3.0276503562927246
1884,0,1.1713597774505615,0.5917096138000488,0.2833584249019623,0.6821426053841909
1885,0,-1.30699622631073,-2.085419178009033,-3.5291495323181152,-2.307188312212626
1886,0,-4.020209312438965,-3.7504262924194336,-2.6208882331848145,-3.463841279347738
1887,0,2.9049384593963623,2.8298792839050293,2.798902988433838,2.8445735772450766
1888,0,-4.935067653656006,-4.702940940856934,-4.650139808654785,-4.762716134389241
1889,0,-3.239964246749878,-4.092949390411377,-3.5874991416931152,-3.6401375929514566
1890,0,-3.2379097938537598,-3.309570074081421,-2.2431514263153076,-2.9302104314168296
1891,0,-4.755038738250732,-3.7167985439300537,-4.326530456542969,-4.266122579574585
1892,0,0.9167375564575195,0.9817205667495728,1.8413324356079102,1.2465968529383342
1893,0,0.19357633590698242,-0.18170398473739624,-0.6916181445121765,-0.22658193111419678
1894,0,3.1043593883514404,2.9744069576263428,3.181835889816284,3.086867411931356
1895,0,1.1343358755111694,0.701214075088501,1.359309434890747,1.064953128496806
1896,0,-4.509152412414551,-3.537148952484131,-3.404592275619507,-3.816964546839396
1897,0,-4.668010711669922,-4.920413494110107,-3.8734591007232666,-4.487294435501099
1898,0,-3.4266774654388428,-2.5313472747802734,-3.404092788696289,-3.1207058429718018
1899,0,-3.2636094093322754,-3.0365777015686035,-2.7585155963897705,-3.0195675690968833
1900,0,0.0943748950958252,-0.44005340337753296,1.3359287977218628,0.330083429813385
1901,0,-2.3439536094665527,-2.0008485317230225,-1.1432068347930908,-1.8293363253275554
1902,0,-1.3749396800994873,0.5088648796081543,0.9825609922409058,0.03882873058319092
1903,0,-2.095848321914673,-0.8136682510375977,-0.13470643758773804,-1.0147410035133362
1904,0,-3.4287614822387695,-3.1065785884857178,-2.133206605911255,-2.8895155588785806
1905,1,-1.0183906555175781,-0.8032932281494141,1.7432353496551514,-0.026149511337280273
1906,1,2.164760112762451,2.5310637950897217,2.0306217670440674,2.2421485582987466
1907,1,1.1703851222991943,1.3292338848114014,0.9009644985198975,1.1335278352101643
1908,1,-1.715698003768921,-1.497206211090088,-0.45668449997901917,-1.2231962382793427
1909,1,1.2992738485336304,1.5257689952850342,1.0369023084640503,1.287315050760905
1910,1,2.557298183441162,2.10353684425354,2.3633370399475098,2.341390689214071
1911,1,1.0039583444595337,0.49624088406562805,1.060662031173706,0.8536204198996226
1912,1,-2.333930492401123,-0.7543619275093079,-0.9636216163635254,-1.3506380120913188
1913,1,3.2514777183532715,3.554690361022949,3.1741461753845215,3.3267714182535806
1914,1,1.6907778978347778,2.1240642070770264,2.5413122177124023,2.1187181075414023
1915,1,2.2459516525268555,2.3749685287475586,1.842820167541504,2.1545801162719727
1916,1,3.2641360759735107,3.1952662467956543,2.979698896408081,3.146367073059082
1917,1,0.29716625809669495,-2.0330653190612793,-1.419062852859497,-1.0516539712746937
1918,1,1.8755418062210083,2.467444896697998,2.3535449504852295,2.232177217801412
1919,1,2.2347052097320557,0.5492501854896545,1.6070332527160645,1.4636628826459248
1920,1,0.8340700268745422,-0.5070831775665283,-0.9398926496505737,-0.20430193344751993
1921,1,-1.0737797021865845,1.9292881488800049,-0.6911607384681702,0.05478256940841675
1922,1,3.1448745727539062,3.1103458404541016,3.0676944255828857,3.1076382795969644
1923,1,-4.026765823364258,-1.8158854246139526,-2.460129499435425,-2.767593582471212
1924,1,-3.4495503902435303,-3.129696846008301,-2.378322124481201,-2.9858564535776773
1925,1,-4.272152423858643,-4.259357452392578,-4.124367713928223,-4.2186258633931475
1926,1,2.420509099960327,1.5196750164031982,1.0913666486740112,1.6771835883458455
1927,1,2.2225866317749023,2.3847436904907227,2.351213216781616,2.319514513015747
1928,1,2.9979119300842285,2.8174054622650146,2.8284378051757812,2.8812517325083413
1929,1,2.541590452194214,2.4571125507354736,2.436535358428955,2.4784127871195474
1930,1,1.227318286895752,1.7881208658218384,0.08601126819849014,1.0338168069720268
1931,1,-2.0920886993408203,-2.332968235015869,-1.0919218063354492,-1.8389929135640461
1932,1,-3.421773910522461,-4.719884395599365,-3.347508192062378,-3.8297221660614014
1933,1,3.313537359237671,3.097973346710205,2.8830716609954834,3.098194122314453
1934,1,-3.7902183532714844,-3.5835676193237305,-1.436797022819519,-2.936860998471578
1935,1,2.064746618270874,2.1656973361968994,2.2065694332122803,2.1456711292266846
1936,1,3.1762337684631348,3.103877305984497,3.282919406890869,3.1876768271128335
1937,1,1.1583467721939087,1.6458690166473389,1.4609020948410034,1.421705961227417
1938,1,2.2563438415527344,2.340219736099243,2.615791082382202,2.404118220011393
1939,1,-2.2499685287475586,-2.489393949508667,0.6471065878868103,-1.3640852967898052
1940,1,-3.654021739959717,-3.832453489303589,-3.3827109336853027,-3.6230620543162027
1941,1,-3.4319403171539307,-2.2760753631591797,-2.6291825771331787,-2.7790660858154297
1942,1,2.8275606632232666,1.8825700283050537,1.3763041496276855,2.0288116137186685
1943,1,1.4864835739135742,2.7418212890625,1.327667474746704,1.851990779240926
1944,1,1.2559912204742432,1.5722639560699463,1.3865445852279663,1.404933253924052
1945,1,3.1903343200683594,3.000253677368164,3.017765522003174,3.069451173146566
1946,1,0.8844732046127319,0.40179282426834106,1.8805195093154907,1.0555951793988545
1947,1,3.1622910499572754,2.76070499420166,1.7276387214660645,2.5502115885416665
1948,1,-0.9324689507484436,-0.9447294473648071,-1.5146969556808472,-1.1306317845980327
1949,1,0.8281216621398926,0.13664478063583374,-0.49746525287628174,0.15576706329981485
1950,1,1.6579594612121582,1.494635820388794,1.5800611972808838,1.5775521596272786
1951,1,3.1819705963134766,3.223198175430298,2.9428489208221436,3.1160058975219727
1952,1,-3.0357577800750732,-2.4642510414123535,-2.4738829135894775,-2.6579639116923013
1953,1,2.2074241638183594,1.4360345602035522,1.5581910610198975,1.733883261680603
1954,1,2.4875733852386475,1.4009006023406982,1.9506820440292358,1.946385343869527
1955,1,-2.797229290008545,-2.2125730514526367,-1.4490708112716675,-2.1529577175776162
1956,1,3.176295042037964,3.205582618713379,3.1400306224823,3.1739694277445474
1957,1,2.4623959064483643,2.5879814624786377,2.7366511821746826,2.5956761837005615
1958,1,3.9861793518066406,3.4878275394439697,3.6192986965179443,3.697768529256185
1959,1,2.5138189792633057,-0.5532200336456299,2.039785623550415,1.3334615230560303
1960,1,0.8153368234634399,-0.9513578414916992,0.5019245743751526,0.1219678521156311
1961,1,3.420875072479248,2.814606189727783,3.047494649887085,3.094325304031372
1962,1,1.893744945526123,1.5752323865890503,2.4262423515319824,1.9650732278823853
1963,1,3.7580573558807373,3.687196969985962,3.2852728366851807,3.5768423875172934
1964,1,1.5072038173675537,1.078611135482788,-0.4564765691757202,0.7097794612248739
1965,1,2.2400426864624023,2.1733462810516357,2.594834566116333,2.3360745112101235
1966,1,2.0616989135742188,0.752798855304718,1.4065277576446533,1.4070085088411968
1967,1,3.746107816696167,3.5582034587860107,3.4945876598358154,3.599632978439331
1968,1,3.4428558349609375,3.3911242485046387,3.2700142860412598,3.3679981231689453
1969,1,2.5846102237701416,2.3498501777648926,2.2816672325134277,2.405375878016154
1970,1,0.5303090214729309,-1.080204725265503,-1.224579095840454,-0.5914915998776754
1971,1,2.6231353282928467,2.8622701168060303,2.940884590148926,2.808763345082601
1972,1,0.9441525936126709,-0.6645610928535461,1.4608986377716064,0.5801633795102438
1973,1,-3.767057418823242,-3.7611794471740723,-3.1379308700561523,-3.5553892453511557
1974,1,2.73423433303833,3.1088786125183105,3.0959854125976562,2.979699452718099
1975,1,-3.2382638454437256,-3.1014840602874756,-2.4029598236083984,-2.9142359097798667
1976,1,2.9400417804718018,2.5200448036193848,2.825191020965576,2.7617592016855874
1977,1,1.7948919534683228,2.2971134185791016,2.9198482036590576,2.337284525235494
1978,1,-2.3471906185150146,0.04332549124956131,-1.4945894479751587,-1.266151525080204
1979,1,2.5570738315582275,2.567497491836548,1.965911865234375,2.363494396209717
1980,1,2.667376756668091,-0.5706123113632202,-0.9211912155151367,0.39185774326324463
1981,1,0.9692397713661194,-1.7062046527862549,-0.8617487549781799,-0.5329045454661051
1982,1,-0.29302170872688293,-0.26286330819129944,-0.574708878993988,-0.37686463197072345
1983,1,3.2292323112487793,3.263773202896118,3.059506416320801,3.184170643488566
1984,1,2.035280227661133,2.62923264503479,2.3765742778778076,2.3470290501912436
1985,1,2.0725975036621094,2.214613676071167,0.25599363446235657,1.5144016047318776
1986,1,3.2383840084075928,3.171887159347534,3.159452199935913,3.1899077892303467
1987,1,-0.15904472768306732,2.2795040607452393,2.351614236831665,1.4906911899646123
1988,1,3.182626962661743,3.171696901321411,3.167285919189453,3.1738699277242026
1989,1,2.5533556938171387,-0.18751543760299683,1.769972801208496,1.3786043524742126
1990,1,3.4193854331970215,3.319159984588623,3.014233112335205,3.2509261767069497
1991,1,3.13724684715271,3.377474308013916,3.0464301109313965,3.1870504220326743
1992,1,-0.4788406193256378,0.8046086430549622,-0.18860545754432678,0.045720855394999184
1993,1,-2.0227913856506348,-1.7703588008880615,-2.195836305618286,-1.9963288307189941
1994,1,3.5567851066589355,3.679481029510498,3.4672350883483887,3.567833741505941
1995,1,-4.423700332641602,-4.690127849578857,-4.231057167053223,-4.4482951164245605
1996,1,1.8002550601959229,0.8282645344734192,1.2779673337936401,1.3021623094876607
1997,1,2.8362765312194824,2.9675145149230957,3.073700428009033,2.9591638247172036
1998,1,3.478736162185669,3.294144630432129,3.0972931385040283,3.290057977040609
1999,1,-4.383508205413818,-1.7398096323013306,-1.5313448905944824,-2.551554242769877
2000,1,2.5634706020355225,2.5893640518188477,2.1977288722991943,2.450187842051188
2001,1,-0.3795800805091858,-1.1590909957885742,0.7329128980636597,-0.26858605941136676
2002,1,1.071094274520874,0.3364201784133911,1.0239017009735107,0.8104720513025919
2003,1,-0.9077683687210083,-3.1890342235565186,-1.7575525045394897,-1.9514516989390056
2004,1,2.960855484008789,2.563352346420288,2.411557197570801,2.6452550093332925
2005,1,2.6940462589263916,2.675428628921509,2.9575486183166504,2.77567450205485
2006,1,2.6346726417541504,2.6450586318969727,2.7642128467559814,2.681314706802368
2007,1,3.669908046722412,2.6722960472106934,2.523392677307129,2.9551989237467446
2008,1,-0.6417524218559265,-1.7540860176086426,-0.7419162392616272,-1.0459182262420654
2009,1,-4.175140857696533,-3.6931569576263428,-3.5835182666778564,-3.8172720273335776
2010,1,3.02862286567688,3.1304726600646973,3.1362364292144775,3.0984439849853516
2011,1,2.653978109359741,2.5860512256622314,2.54048752784729,2.593505620956421
2012,1,2.790584087371826,2.704787254333496,2.362779140472412,2.6193834940592446
2013,1,-3.7175354957580566,-4.030797481536865,-2.132991313934326,-3.2937747637430825
2014,1,-1.5707579851150513,-2.836153030395508,-1.66781747341156,-2.024909496307373
2015,1,1.4667900800704956,0.8098046779632568,-1.0829768180847168,0.39787264664967853
2016,1,1.911698579788208,1.970361351966858,1.7858988046646118,1.8893195788065593
2017,1,3.6374707221984863,3.536153554916382,3.3395020961761475,3.504375457763672
2018,1,2.81704044342041,2.8133890628814697,2.3884146213531494,2.6729480425516763
2019,1,0.6596465110778809,0.15713605284690857,-2.005645275115967,-0.39628757039705914
2020,1,-4.1747517585754395,-3.332282066345215,-3.723439931869507,-3.743491252263387
2021,1,1.3414138555526733,-1.2550132274627686,-0.1599614918231964,-0.02452028791109721
2022,1,2.8191142082214355,2.5787181854248047,2.7512805461883545,2.7163709799448648
2023,1,-4.054057598114014,-3.2307329177856445,-3.0757758617401123,-3.4535221258799234
2024,1,0.45392680168151855,1.5397893190383911,-1.1534981727600098,0.2800726493199666
2025,1,-3.24363374710083,-3.2139835357666016,-2.708103656768799,-3.0552403132120767
2026,1,0.8442339301109314,0.18467286229133606,1.3539210557937622,0.7942759493986765
2027,1,2.734985113143921,2.758944034576416,2.746039867401123,2.74665633837382
2028,1,1.0593546628952026,0.2237006276845932,-0.04227810353040695,0.4135923956831296
2029,1,-1.3175160884857178,1.687425971031189,2.584304094314575,0.9847379922866821
2030,1,2.4673407077789307,2.1356592178344727,2.6154062747955322,2.406135400136312
2031,1,2.7374560832977295,2.5769238471984863,2.540613889694214,2.61833127339681
2032,1,-4.047337055206299,-3.5280039310455322,-2.947571277618408,-3.5076374212900796
2033,1,2.3022167682647705,2.0678181648254395,1.861860990524292,2.077298641204834
2034,1,1.9969303607940674,2.3635547161102295,2.700268507003784,2.3535845279693604
2035,1,0.5443292260169983,0.937958300113678,0.3630829155445099,0.6151234805583954
2036,1,3.5456178188323975,3.014310359954834,3.0635793209075928,3.207835833231608
2037,1,-0.9472631812095642,-1.8348478078842163,-0.2481401562690735,-1.0100837151209514
2038,1,3.2033631801605225,3.1775007247924805,3.1235625743865967,3.1681421597798667
2039,1,1.708504319190979,1.6583693027496338,1.2244969606399536,1.5304568608601887
2040,1,2.395223379135132,2.181013345718384,2.599165439605713,2.3918007214864097
2041,1,3.0219459533691406,1.4425256252288818,2.523611068725586,2.3293608824412027
2042,1,3.250622034072876,3.4119937419891357,3.051361083984375,3.237992286682129
2043,1,2.7633821964263916,1.7623889446258545,1.3491942882537842,1.9583218097686768
2044,1,-0.24055993556976318,-0.5590603947639465,1.3340262174606323,0.1781352957089742
2045,1,3.3419411182403564,2.5301101207733154,2.5224013328552246,2.7981508572896323
2046,1,2.476011276245117,2.2713394165039062,2.5949063301086426,2.447419007619222
2047,1,3.425884485244751,3.3926503658294678,3.4210803508758545,3.413205067316691
2048,1,0.1568727046251297,0.8927772641181946,0.896414041519165,0.6486880034208298
2049,1,2.555567741394043,2.8383333683013916,2.684757709503174,2.6928862730662027
2050,1,2.8469700813293457,2.4480950832366943,2.4591431617736816,2.5847361087799072
2051,1,2.4047279357910156,2.602084159851074,2.866621494293213,2.6244778633117676
2052,1,-4.181239604949951,-3.9856271743774414,-4.223249435424805,-4.130038738250732
2053,1,-0.6899519562721252,0.8863978981971741,-0.6218616962432861,-0.14180525143941244
2054,1,3.491995334625244,3.368363618850708,3.2015128135681152,3.353957255681356
2055,1,1.913866400718689,0.4519919455051422,1.7225730419158936,1.3628104627132416
2056,1,2.793936014175415,2.9012234210968018,3.052870988845825,2.9160101413726807
2057,1,2.261328935623169,2.5168650150299072,2.041846752166748,2.2733469009399414
2058,1,2.8762972354888916,2.7010650634765625,2.453089952468872,2.6768174171447754
2059,1,1.0243948698043823,1.7073029279708862,0.7392686009407043,1.156988799571991
2060,1,2.5392301082611084,2.5095925331115723,2.5746359825134277,2.5411528746287027
2061,1,1.6465359926223755,1.1624668836593628,0.4799659848213196,1.0963229537010193
2062,1,-0.3854522705078125,-0.2470899522304535,-0.19882333278656006,-0.2771218518416087
2063,1,3.164675712585449,3.205960750579834,3.0898938179016113,3.153510093688965
2064,1,3.1919634342193604,2.906198740005493,2.9819726943969727,3.026711622873942
2065,1,2.624589681625366,2.464057683944702,1.0754656791687012,2.0547043482462564
2066,1,0.8636800646781921,0.8338540196418762,0.5139924883842468,0.7371755242347717
2067,1,2.9107887744903564,2.0792882442474365,0.8700993657112122,1.9533921281496684
2068,1,-2.1947073936462402,-2.6729226112365723,-1.6796586513519287,-2.182429552078247
2069,1,1.0474752187728882,-0.44119274616241455,0.04861012101173401,0.21829753120740256
2070,1,2.312653064727783,1.1011924743652344,2.145843982696533,1.8532298405965169
2071,1,3.8383805751800537,3.650698661804199,3.4084441661834717,3.632507801055908
2072,1,2.138878107070923,-0.22706931829452515,-0.8226042985916138,0.363068163394928
2073,1,2.932190179824829,2.5696022510528564,-2.0851187705993652,1.1388912200927734
2074,1,-1.4916982650756836,-2.9085566997528076,-4.27954626083374,-2.8932670752207437
2075,1,1.9645395278930664,2.0692946910858154,1.8827823400497437,1.9722055196762085
2076,1,3.1304714679718018,2.9859323501586914,3.012026786804199,3.0428102016448975
2077,1,3.765028238296509,3.1764187812805176,2.9315242767333984,3.290990432103475
2078,1,1.5828049182891846,2.123316764831543,1.6498572826385498,1.785326321919759
2079,1,3.3595504760742188,3.068469762802124,2.8412351608276367,3.0897517999013266
2080,1,2.1587893962860107,0.8538327217102051,1.1759371757507324,1.3961864312489827
2081,1,-2.3085739612579346,-2.1961607933044434,-2.8136234283447266,-2.4394527276357016
2082,1,-3.3941714763641357,-1.2990411520004272,-0.845770537853241,-1.8463277220726013
2083,1,1.3780603408813477,1.1824818849563599,1.2817296981811523,1.2807573080062866
2084,1,1.8365108966827393,1.7821094989776611,1.7870231866836548,1.801881194114685
2085,1,-0.8369981050491333,-2.4953794479370117,-0.9033972024917603,-1.411924918492635
2086,1,3.988373041152954,3.783759593963623,3.5992980003356934,3.7904768784840903
2087,1,2.1377830505371094,1.5828077793121338,1.7730768918991089,1.8312225739161174
2088,1,-3.6493523120880127,-1.8612215518951416,-3.181047201156616,-2.897207021713257
2089,1,3.422071933746338,2.9285988807678223,2.7188515663146973,3.0231741269429526
2090,1,3.7322704792022705,3.0297253131866455,2.8948163986206055,3.218937397003174
2091,1,1.4108988046646118,1.965860366821289,1.2436798810958862,1.5401463508605957
2092,1,2.9031145572662354,2.8262765407562256,2.9409987926483154,2.8901299635569253
2093,1,2.789271831512451,1.3279749155044556,0.5715799331665039,1.5629422267278035
2094,1,2.543466567993164,2.228914260864258,2.331998586654663,2.368126471837362
2095,1,2.7124719619750977,2.774994134902954,2.685462713241577,2.7243096033732095
2096,1,2.2820804119110107,2.139202117919922,2.833109140396118,2.41813055674235
2097,1,-3.2905473709106445,-3.302508592605591,-3.2679905891418457,-3.287015517552694
2098,1,1.5543538331985474,-0.5746643543243408,-0.7974306344985962,0.06075294812520345
2099,1,2.4909286499023438,2.212204933166504,2.3324031829833984,2.3451789220174155
2100,1,2.5606188774108887,2.2681334018707275,2.708812952041626,2.512521743774414
2101,1,0.6252073645591736,-1.2523285150527954,1.2947895526885986,0.22255613406499228
2102,1,-0.3426004648208618,-0.22145582735538483,-0.7135679721832275,-0.4258747547864914
2103,1,1.4231077432632446,1.5047968626022339,0.9052119851112366,1.2777055303255718
2104,1,-0.4831634759902954,-4.825551986694336,-4.702779769897461,-3.3371650775273642
2105,1,3.647984266281128,3.392984628677368,3.331441640853882,3.457470178604126
2106,1,1.579999566078186,1.135624647140503,0.8907617330551147,1.2021286487579346
2107,1,-1.3260090351104736,-2.1903882026672363,-2.4349663257598877,-1.9837878545125325
2108,1,1.8579455614089966,2.3456640243530273,2.5676472187042236,2.257085601488749
2109,1,2.1465113162994385,2.5314249992370605,2.6534886360168457,2.4438083171844482
2110,1,2.4785451889038086,1.3879276514053345,1.809356689453125,1.8919431765874226
2111,1,2.251277208328247,2.2371766567230225,1.7940943241119385,2.0941827297210693
2112,1,3.114698886871338,3.17050838470459,3.090266227722168,3.1251578330993652
2113,1,-3.1251728534698486,-3.9474895000457764,-4.098992347717285,-3.72388490041097
2114,1,3.9183480739593506,3.9457297325134277,3.2563531398773193,3.7068103154500327
2115,1,2.0058188438415527,2.579472064971924,2.178729772567749,2.2546735604604087
2116,1,2.1110291481018066,1.7864705324172974,2.6601154804229736,2.185871720314026
2117,1,2.963226795196533,3.1242523193359375,2.9808976650238037,3.0227922598520913
2118,1,2.9388856887817383,2.849790334701538,2.94166898727417,2.9101150035858154
2119,1,-3.5665066242218018,-3.8752706050872803,-3.6618192195892334,-3.7011988162994385
2120,1,2.3409011363983154,2.6745357513427734,2.593486785888672,2.5363078912099204
2121,1,3.280824899673462,2.9206371307373047,2.998994827270508,3.066818952560425
2122,1,-4.143394947052002,-1.3149340152740479,-0.051121681928634644,-1.836483548084895
2123,1,3.151562213897705,2.90332293510437,2.812063694000244,2.9556496143341064
2124,1,2.771998882293701,2.5582833290100098,2.6634628772735596,2.6645816961924234
2125,1,0.05786540359258652,-0.07523839175701141,-1.0153288841247559,-0.3442339574297269
2126,1,1.8954272270202637,1.9136641025543213,2.2307021617889404,2.0132644971211753
2127,1,2.9048874378204346,2.8648390769958496,2.9550955295562744,2.908274014790853
2128,1,2.87937068939209,1.8433579206466675,0.8013067245483398,1.8413451115290325
2129,1,3.309849739074707,2.8941071033477783,2.9638638496398926,3.0559402306874595
2130,1,1.0558627843856812,0.41891026496887207,1.0658420324325562,0.8468716939290365
2131,1,1.6567282676696777,1.2146936655044556,1.9597938060760498,1.6104052464167278
2132,1,-2.3562264442443848,-2.2224297523498535,-1.7099190950393677,-2.0961917638778687
2133,1,2.714308738708496,2.1679649353027344,2.5452075004577637,2.4758270581563315
2134,1,1.2129039764404297,0.8810350894927979,-0.7810236215591431,0.43763848145802814
2135,1,2.6298248767852783,2.5461313724517822,2.0280604362487793,2.4013388951619468
2136,1,-0.6291353702545166,-2.29797101020813,-2.0508077144622803,-1.6593046983083088
2137,1,2.668041706085205,2.330012798309326,-0.08305449038743973,1.638333338002364
2138,1,1.9428350925445557,2.474414348602295,2.176069498062134,2.197772979736328
2139,1,3.172762155532837,2.7416298389434814,2.821629762649536,2.9120072523752847
2140,1,-3.6627800464630127,-3.8718316555023193,-3.922868013381958,-3.819159905115763
2141,1,3.3595170974731445,2.718916177749634,2.6356918811798096,2.9047083854675293
2142,1,2.8590328693389893,1.9882420301437378,1.7430795431137085,2.196784814198812
2143,1,-0.04562574625015259,-1.520592451095581,-0.7799630761146545,-0.782060424486796
2144,1,1.8716423511505127,2.432521343231201,0.94493168592453,1.7496984601020813
2145,1,3.352139949798584,3.2869629859924316,3.0649478435516357,3.2346835931142173
2146,1,-2.8772833347320557,-2.5138163566589355,-2.5801093578338623,-2.657069683074951
2147,1,2.6720614433288574,2.672001838684082,2.6068360805511475,2.6502997875213623
2148,1,3.334395408630371,2.8565781116485596,1.2526953220367432,2.481222947438558
2149,1,2.563518762588501,2.3992767333984375,2.5602245330810547,2.5076733430226645
2150,1,2.7044806480407715,2.9086904525756836,2.972503900527954,2.8618916670481362
2151,1,-0.11804109811782837,-0.7724519371986389,0.5148407220840454,-0.12521743774414062
2152,1,1.398087501525879,1.3913991451263428,1.0760730504989624,1.2885198990503948
2153,1,-2.5191805362701416,-1.4044007062911987,0.49991491436958313,-1.1412221093972523
2154,1,1.6057624816894531,1.8233903646469116,1.5548155307769775,1.661322792371114
2155,1,2.15873384475708,1.2923362255096436,1.9672242403030396,1.8060981035232544
2156,1,1.1429632902145386,2.150300979614258,1.8292549848556519,1.7075064182281494
2157,1,3.377842664718628,2.786219358444214,3.045196056365967,3.0697526931762695
2158,1,3.4298288822174072,3.3230397701263428,2.9918296337127686,3.2482327620188394
2159,1,2.9339210987091064,1.8241077661514282,2.563476085662842,2.440501650174459
2160,1,2.263700485229492,2.022800922393799,1.521539330482483,1.9360135793685913
2161,1,1.8333566188812256,2.8101394176483154,1.98481285572052,2.209436297416687
2162,1,3.3031582832336426,2.490001916885376,2.3789291381835938,2.724029779434204
2163,1,-4.030293941497803,-3.713700532913208,-2.327341079711914,-3.357111851374308
2164,1,2.050316333770752,1.6837526559829712,2.280163526535034,2.0047441720962524
2165,1,3.161881446838379,3.2224764823913574,3.205124855041504,3.1964942614237466
2166,1,0.9238166809082031,1.6132673025131226,2.7243590354919434,1.7538143396377563
2167,1,3.1500539779663086,2.691911220550537,2.2800281047821045,2.70733110109965
2168,1,2.6296732425689697,2.5989553928375244,2.718156099319458,2.648928244908651
2169,1,0.22827903926372528,0.6145998239517212,0.6285780072212219,0.49048562347888947
2170,1,2.2647058963775635,2.4302761554718018,2.2884817123413086,2.3278212547302246
2171,1,3.0088250637054443,2.702110528945923,2.593902587890625,2.7682793935139975
2172,1,1.96528959274292,1.3285493850708008,1.309403896331787,1.534414291381836
2173,1,3.0704753398895264,3.0724172592163086,2.968574047088623,3.037155548731486
2174,1,3.266726493835449,2.5660934448242188,1.913812518119812,2.582210818926493
2175,1,-1.1063191890716553,-1.6571645736694336,-2.9585156440734863,-1.9073331356048584
2176,1,2.9286422729492188,2.677788734436035,2.857884645462036,2.8214385509490967
2177,1,2.5972726345062256,2.599982500076294,2.272597551345825,2.4899508953094482
2178,1,3.3061327934265137,3.1446924209594727,3.1338541507720947,3.1948931217193604
2179,1,-1.9846611022949219,-2.669806957244873,-0.13894380629062653,-1.597803955276807
2180,1,3.5738632678985596,3.0925984382629395,2.603635311126709,3.0900323390960693
2181,1,2.1569390296936035,2.3928885459899902,1.8881829977035522,2.146003524462382
2182,1,2.28751277923584,1.829689621925354,2.0877373218536377,2.068313241004944
2183,1,2.4705967903137207,2.870558977127075,2.117872714996338,2.4863428274790444
2184,1,2.846318244934082,3.427992343902588,2.8900654315948486,3.0547920068105063
2185,1,2.846451997756958,2.8228776454925537,2.7932188510894775,2.8208494981129966
2186,1,3.0313267707824707,2.6750407218933105,2.929115056991577,2.8784941832224527
2187,1,1.011601448059082,-0.17001354694366455,-0.47499388456344604,0.12219800551732381
2188,1,2.980626344680786,2.82472562789917,2.3006250858306885,2.7019923528035483
2189,1,2.7540066242218018,2.548161268234253,3.0818891525268555,2.79468568166097
2190,1,-4.436504364013672,-4.283624649047852,-4.371592044830322,-4.363907019297282
2191,1,3.3897905349731445,2.68505597114563,3.075786590576172,3.050211032231649
2192,1,3.453627347946167,3.2850611209869385,2.8783411979675293,3.205676555633545
2193,1,-1.3890297412872314,-1.232030987739563,-3.0255415439605713,-1.8822007576624553
2194,1,3.4025890827178955,3.235506534576416,3.14749813079834,3.2618645826975503
2195,1,-4.116507053375244,-3.3683125972747803,-3.4341278076171875,-3.6396491527557373
2196,1,2.7519872188568115,1.490909218788147,1.4179644584655762,1.886953632036845
2197,1,-3.7384557723999023,-4.140993118286133,-4.746728420257568,-4.208725770314534
2198,1,2.5218608379364014,1.8960444927215576,1.8456289768218994,2.0878447691599527
2199,1,2.364593029022217,2.449399948120117,2.2203187942504883,2.344770590464274
2200,1,2.4146249294281006,2.1539671421051025,2.3163819313049316,2.2949913342793784
2201,1,2.3123810291290283,3.0123519897460938,2.8142850399017334,2.713006019592285
2202,1,3.5301854610443115,3.321126937866211,3.5744781494140625,3.475263516108195
2203,1,3.464653730392456,2.8371505737304688,2.1494827270507812,2.817095677057902
2204,1,-0.9686005711555481,-2.4171032905578613,-0.32789212465286255,-1.2378653287887573
2205,1,-2.703282594680786,-1.9298912286758423,-1.7005747556686401,-2.1112495263417563
2206,1,2.5649473667144775,2.3261499404907227,0.8466626405715942,1.9125866492589314
2207,1,2.9449398517608643,2.7318053245544434,2.279231071472168,2.651992082595825
2208,1,-1.9701107740402222,-0.08641248196363449,-2.8836252689361572,-1.6467161749800046
2209,1,2.95845103263855,2.929971694946289,3.3507533073425293,3.0797253449757895
2210,1,-0.8285753726959229,-1.3376915454864502,1.0390236377716064,-0.3757477601369222
2211,1,2.3495655059814453,2.3768110275268555,2.7353732585906982,2.4872499306996665
2212,1,1.4226576089859009,0.1580647975206375,1.379970908164978,0.9868977715571722
2213,1,-0.8327907919883728,0.6653816103935242,-0.4749426245689392,-0.2141172687212626
2214,1,3.1221275329589844,3.45212459564209,3.0043482780456543,3.192866802215576
2215,1,-3.2789735794067383,-1.5530855655670166,-2.5240156650543213,-2.4520249366760254
2216,1,2.783146858215332,2.7430875301361084,2.272660493850708,2.5996316274007163
2217,1,1.252559781074524,0.9088711738586426,-0.8059442043304443,0.45182891686757404
2218,1,1.4552468061447144,1.7738779783248901,1.5319496393203735,1.5870248079299927
2219,1,2.8527517318725586,2.970008373260498,2.275813102722168,2.699524402618408
2220,1,1.8312187194824219,1.6102426052093506,0.5463104248046875,1.3292572498321533
2221,1,2.271848678588867,2.430879592895508,2.2613730430603027,2.321367104848226
2222,1,2.7199084758758545,2.2463157176971436,2.2678492069244385,2.411357800165812
2223,1,2.0014915466308594,0.4354706406593323,0.025911062955856323,0.820957750082016
2224,1,3.463547706604004,3.4057652950286865,3.2038230895996094,3.3577120304107666
2225,1,-0.1317056268453598,1.879304051399231,0.8517553210258484,0.8664512485265732
2226,1,2.779832601547241,2.752089738845825,2.1114883422851562,2.5478035608927407
2227,1,2.441413164138794,2.262828826904297,1.944545865058899,2.216262618700663
2228,1,2.081873655319214,2.1531810760498047,1.986680507659912,2.073911746342977
2229,1,1.5490303039550781,1.819424033164978,0.9986787438392639,1.45571102698644
2230,1,2.945901393890381,2.9308176040649414,2.7124948501586914,2.8630712827046714
2231,1,2.6738293170928955,2.5210092067718506,2.6992440223693848,2.6313608487447104
2232,1,1.094539761543274,1.1908262968063354,-1.0471937656402588,0.4127240975697835
2233,1,2.5629465579986572,2.670931816101074,2.3993074893951416,2.5443952878316245
2234,1,3.1582696437835693,2.9635307788848877,2.557875871658325,2.8932254314422607
2235,1,2.1658191680908203,1.9846984148025513,1.6669725179672241,1.939163366953532
2236,1,2.5309205055236816,1.0344024896621704,1.4951659440994263,1.686829646428426
2237,1,2.5712599754333496,2.482672929763794,1.8633371591567993,2.305756688117981
2238,1,3.453850746154785,3.3331828117370605,3.1793925762176514,3.3221420447031655
2239,1,2.382225513458252,1.6301249265670776,0.4249202013015747,1.4790902137756348
2240,1,2.7241058349609375,2.649553060531616,2.8994054794311523,2.757688124974569
2241,1,2.931481122970581,2.8366901874542236,2.4856834411621094,2.751284917195638
2242,1,2.470236301422119,3.0065054893493652,1.417319893836975,2.2980205615361533
2243,1,3.1212997436523438,2.6726527214050293,2.7627720832824707,2.8522415161132812
2244,1,0.09242206811904907,-1.1135369539260864,-1.2157702445983887,-0.7456283768018087
2245,1,2.6951019763946533,2.793160915374756,3.10099720954895,2.863086700439453
2246,1,3.321377754211426,3.078641891479492,3.3092565536499023,3.2364253997802734
2247,1,2.175711154937744,2.123143434524536,1.9161773920059204,2.071677327156067
2248,1,0.5909693837165833,-1.0427244901657104,-2.562018632888794,-1.0045912464459736
2249,1,3.020141363143921,2.7449254989624023,2.531952381134033,2.7656730810801187
2250,1,2.8909361362457275,2.785799264907837,2.754101276397705,2.81027889251709
2251,1,2.944878101348877,3.008774518966675,3.0787065029144287,3.0107863744099936
2252,1,-0.17629940807819366,-0.5928593277931213,0.8337714076042175,0.021537557244300842
2253,1,2.004526376724243,1.941279649734497,1.9830927848815918,1.9762996037801106
2254,1,-4.038638114929199,-2.8308145999908447,-3.4441425800323486,-3.4378650983174643
2255,1,3.4914796352386475,3.7045516967773438,3.2192025184631348,3.4717446168263755
2256,1,-2.7344186305999756,-0.7827634215354919,-0.7348255515098572,-1.417335867881775
2257,1,3.48028302192688,3.374227523803711,3.1945242881774902,3.3496782779693604
2258,1,0.9475131034851074,-0.3007008731365204,-0.36845165491104126,0.09278685847918193
2259,1,2.2222115993499756,2.3631644248962402,1.7574496269226074,2.1142752170562744
2260,1,1.5582075119018555,0.6780245900154114,1.1158084869384766,1.1173468629519145
2261,1,-2.7892611026763916,0.21014396846294403,-0.5958108305931091,-1.0583093216021855
2262,1,3.2895731925964355,2.691354274749756,2.7892351150512695,2.9233875274658203
2263,1,-3.1933202743530273,0.005256788805127144,1.4703965187072754,-0.5725556556135416
2264,1,-2.7168874740600586,-2.4764890670776367,-0.3774763345718384,-1.8569509585698445
2265,1,-3.5101327896118164,-3.9310083389282227,-3.8697919845581055,-3.7703110376993814
2266,1,0.0475461483001709,0.09786131232976913,1.3294498920440674,0.49161911755800247
2267,1,3.029256820678711,2.8250620365142822,2.536707878112793,2.7970089117685952
2268,1,2.1208629608154297,2.5289306640625,2.7798941135406494,2.47656257947286
2269,1,3.369576930999756,3.2084760665893555,3.3172526359558105,3.2984352111816406
2270,1,3.252419948577881,3.0974082946777344,2.882932424545288,3.0775868892669678
2271,1,1.366178274154663,-0.8028221726417542,-0.7301899194717407,-0.05561127265294393
2272,1,3.583855628967285,2.45174503326416,3.4767589569091797,3.1707865397135415
2273,1,2.714263439178467,1.8431601524353027,2.8424882888793945,2.466637293497721
2274,1,0.7275779247283936,-1.1656107902526855,-0.7061541676521301,-0.38139567772547406
2275,1,3.5226895809173584,3.2101454734802246,2.9180047512054443,3.216946601867676
2276,1,-0.15589775145053864,-0.5310813188552856,-2.237445116043091,-0.974808062116305
2277,1,2.802706241607666,2.972321033477783,2.8036916255950928,2.859572966893514
2278,1,2.145493984222412,2.1587893962860107,1.6058766841888428,1.9700533548990886
2279,1,0.4000968635082245,-0.7795755863189697,1.0019022226333618,0.2074744999408722
2280,1,4.279634952545166,3.877743721008301,3.885516881942749,4.014298518498738
2281,1,3.4531280994415283,3.2445521354675293,3.2921433448791504,3.329941193262736
2282,1,3.0316014289855957,2.681864023208618,2.6014676094055176,2.771644353866577
2283,1,3.2042007446289062,3.2051496505737305,3.11311411857605,3.174154837926229
2284,1,2.47723388671875,2.5898938179016113,2.3715646266937256,2.479564110438029
2285,1,-3.640117645263672,-4.60542631149292,-4.260858058929443,-4.168800671895345
2286,1,2.382293224334717,1.042176604270935,1.9258325099945068,1.7834341128667195
2287,1,3.277548313140869,2.951817035675049,3.2174441814422607,3.1489365100860596
2288,1,2.212075710296631,2.1411614418029785,2.1304643154144287,2.161233822504679
2289,1,2.766207456588745,2.4732584953308105,1.8247219324111938,2.3547292947769165
2290,1,3.1433959007263184,3.0806469917297363,2.8190550804138184,3.0143659909566245
2291,1,3.0080466270446777,2.725419521331787,2.103058338165283,2.6121748288472495
2292,1,3.226625680923462,3.0182595252990723,2.9656317234039307,3.0701723098754883
2293,1,0.3271975815296173,1.7956795692443848,2.1068618297576904,1.409912993510564
2294,1,1.2740908861160278,0.7840150594711304,1.5943101644515991,1.2174720366795857
2295,1,0.6315277814865112,-1.044471025466919,0.4817509353160858,0.0229358971118927
2296,1,2.9700751304626465,2.8711483478546143,2.9968717098236084,2.9460317293802896
2297,1,2.2199671268463135,2.1262733936309814,2.826077699661255,2.390772740046183
2298,1,2.4889376163482666,2.4146676063537598,2.490262985229492,2.464622735977173
2299,1,2.467106580734253,1.644203782081604,2.3425405025482178,2.151283621788025
2300,1,0.7514684200286865,-0.9857729077339172,-1.8355880975723267,-0.6899641950925192
2301,1,2.7776567935943604,2.871527671813965,2.4936635494232178,2.714282671610514
2302,1,2.63250732421875,2.7957301139831543,1.9390674829483032,2.4557683070500693
2303,1,-2.3763792514801025,-3.0517189502716064,-3.487295627593994,-2.9717979431152344
2304,1,-3.4214751720428467,-2.6183736324310303,-2.1364290714263916,-2.725425958633423
2305,1,-0.82438725233078,0.6834092736244202,1.6847314834594727,0.514584501584371
2306,1,2.643928289413452,2.5828511714935303,2.762159824371338,2.66297976175944
2307,1,1.1314140558242798,1.3660248517990112,2.4560787677764893,1.6511725584665935
2308,1,2.5054726600646973,1.6266895532608032,0.27193915843963623,1.468033790588379
2309,1,-1.9542131423950195,0.2721273601055145,0.4472510516643524,-0.41161157687505084
2310,1,2.169624090194702,0.4410441517829895,1.5923947095870972,1.4010209838549297
2311,1,3.06003999710083,2.743647813796997,2.5474517345428467,2.783713181813558
2312,1,3.439901113510132,3.0277223587036133,2.771182060241699,3.079601844151815
2313,1,2.4146878719329834,1.8191157579421997,2.119054079055786,2.1176192363103232
2314,1,-0.01227433793246746,0.664894163608551,0.18859966099262238,0.2804064955562353
2315,1,2.825925827026367,2.4972386360168457,2.4269216060638428,2.583362023035685
2316,1,1.405255675315857,1.6457185745239258,1.146841287612915,1.399271845817566
2317,1,2.9001078605651855,3.072075128555298,2.9440619945526123,2.9720816612243652
2318,1,0.516423225402832,0.4605560004711151,1.9411816596984863,0.9727202951908112
2319,1,2.387380599975586,2.12389874458313,2.129770278930664,2.2136832078297934
2320,1,1.6251990795135498,1.5949044227600098,1.321953296661377,1.5140189329783122
2321,1,3.2690303325653076,3.2624423503875732,3.2407643795013428,3.2574123541514077
2322,1,3.065157413482666,2.5963356494903564,1.6888431310653687,2.450112064679464
2323,1,2.943817377090454,2.947192668914795,2.8751938343048096,2.922067960103353
2324,1,-0.573943018913269,-0.8016100525856018,0.5005266070365906,-0.29167548815409344
2325,1,1.9813520908355713,-1.0683647394180298,1.644580364227295,0.8525225718816122
2326,1,3.1388747692108154,2.8720335960388184,2.6120235919952393,2.8743106524149575
2327,1,-3.255866050720215,-0.19424273073673248,-1.9578051567077637,-1.802637979388237
2328,1,2.7370893955230713,3.0403404235839844,3.0713419914245605,2.9495906035105386
2329,1,2.691072940826416,2.469083547592163,2.4183576107025146,2.5261713663736978
2330,1,2.9076809883117676,2.638698101043701,2.6499733924865723,2.732117493947347
2331,1,0.030672084540128708,-0.40378496050834656,0.27267199754714966,-0.03348029280702273
2332,1,-2.860131025314331,-3.07222318649292,-1.5721333026885986,-2.501495838165283
2333,1,2.4355552196502686,2.23881459236145,1.258939266204834,1.9777696927388508
2334,1,1.7660722732543945,1.6324297189712524,2.6037285327911377,2.0007435083389282
2335,1,2.6209335327148438,2.286160945892334,2.1218137741088867,2.3429694175720215
2336,1,2.8498942852020264,2.7651724815368652,2.3415842056274414,2.652216990788778
2337,1,-1.1100172996520996,-1.244877815246582,0.3155633509159088,-0.6797772546609243
2338,1,3.5182347297668457,3.047013998031616,3.190753698348999,3.2520008087158203
2339,1,0.3747149705886841,-0.6572696566581726,1.637915015220642,0.45178677638371784
2340,1,3.1008007526397705,3.3021304607391357,2.943263053894043,3.115398089090983
2341,1,2.930975914001465,3.322329521179199,3.0967442989349365,3.1166832447052
2342,1,2.30619478225708,2.5391478538513184,1.6534314155578613,2.1662580172220864
2343,1,2.5834569931030273,2.6305131912231445,2.74196457862854,2.6519782543182373
2344,1,2.59204363822937,2.474658250808716,2.7612125873565674,2.6093048254648843
2345,1,2.8329150676727295,2.9886362552642822,2.7662856578826904,2.862612326939901
2346,1,2.092127799987793,2.5689187049865723,2.5277676582336426,2.3962713877360025
2347,1,2.404475450515747,2.0365397930145264,2.3380773067474365,2.259697516759237
2348,1,1.5781580209732056,2.84641695022583,2.942620038986206,2.455731670061747
2349,1,2.055385112762451,1.826340675354004,2.317437171936035,2.06638765335083
2350,1,3.291470766067505,2.7548789978027344,2.7804908752441406,2.9422802130381265
2351,1,2.654087781906128,2.4038379192352295,2.19313383102417,2.417019844055176
2352,1,3.1822643280029297,2.9867305755615234,2.877501964569092,3.015498956044515
2353,1,-4.160800933837891,-4.081836223602295,-3.845365524291992,-4.0293342272440595
2354,1,2.926693916320801,2.882960081100464,2.309749126434326,2.7064677079518638
2355,1,3.1913535594940186,2.7758796215057373,2.9807801246643066,2.982671101888021
2356,1,2.9684031009674072,2.695112466812134,2.3895108699798584,2.6843421459198
2357,1,2.0135040283203125,1.7640957832336426,1.6931475400924683,1.8235824505488079
2358,1,2.938565969467163,2.7394027709960938,2.3814711570739746,2.6864799658457437
2359,1,3.2806344032287598,3.168612480163574,3.0538668632507324,3.1677045822143555
2360,1,-4.963186740875244,-4.730926036834717,-4.668754577636719,-4.787622451782227
2361,1,2.5242021083831787,2.571364402770996,2.798593044281006,2.6313865184783936
2362,1,3.7820546627044678,3.641568422317505,3.3996620178222656,3.6077617009480796
2363,1,2.913238525390625,2.6141138076782227,2.54925274848938,2.6922016938527427
2364,1,-2.644552230834961,1.0958127975463867,-2.4003045558929443,-1.3163479963938396
2365,1,3.459412097930908,3.278644561767578,3.3520326614379883,3.3633631070454917
2366,1,1.5884941816329956,0.07524961978197098,-0.057142481207847595,0.535533773402373
2367,1,1.0524297952651978,1.8549771308898926,2.2579572200775146,1.7217880487442017
2368,1,0.9482757449150085,0.9567556381225586,1.5212929248809814,1.1421081026395161
2369,1,-5.782261371612549,-5.054332256317139,-5.031908988952637,-5.289500872294108
2370,1,3.786072015762329,3.804865837097168,3.125135660171509,3.5720245043436685
2371,1,-1.0714980363845825,-1.61391019821167,-1.6928367614746094,-1.4594149986902873
2372,1,1.7379140853881836,1.9454511404037476,2.2116007804870605,1.9649886687596638
2373,1,3.151261329650879,3.1751344203948975,3.0471744537353516,3.124523401260376
2374,1,-1.618395447731018,-1.1498124599456787,-1.213484287261963,-1.32723073164622
2375,1,2.4101667404174805,1.627394676208496,1.6818840503692627,1.9064818223317463
2376,1,0.8761182427406311,1.5560495853424072,2.196977376937866,1.5430484016736348
2377,1,-0.30462658405303955,0.004545115865767002,0.7858027815818787,0.1619071044648687
2378,1,2.7105181217193604,2.712827444076538,2.555039405822754,2.6594616572062173
2379,1,3.7006709575653076,3.5119423866271973,3.2510550022125244,3.4878894488016763
2380,1,-4.526242256164551,-4.4371538162231445,-4.377397060394287,-4.446931044260661
2381,1,0.4624272584915161,0.6651107668876648,2.0024654865264893,1.0433345039685566
2382,1,2.0946054458618164,0.8500151038169861,2.005979299545288,1.6501999497413635
2383,1,1.4716606140136719,1.733161211013794,2.4029369354248047,1.8692529201507568
2384,1,2.839083671569824,3.159693717956543,3.097696542739868,3.0321579774220786
2385,1,2.8203861713409424,3.3159866333007812,3.3797147274017334,3.172029177347819
2386,1,3.2563793659210205,2.9140141010284424,3.1688690185546875,3.1130874951680503
2387,1,2.6586849689483643,1.7695389986038208,2.298931837081909,2.2423852682113647
2388,1,-3.7986690998077393,-4.113588809967041,-4.307689666748047,-4.073315858840942
2389,1,-3.874732494354248,-3.414348840713501,-2.001089334487915,-3.0967235565185547
2390,1,2.0000829696655273,2.506103515625,2.398390054702759,2.3015255133310952
2391,1,-3.0126054286956787,-2.712524890899658,-2.9702308177948,-2.898453712463379
2392,1,2.8835437297821045,2.6918301582336426,2.6532671451568604,2.742880344390869
2393,1,3.2878987789154053,3.134026527404785,3.038511276245117,3.1534788608551025
2394,1,-2.862732410430908,-2.5456435680389404,-3.283470630645752,-2.8972822030385337
2395,1,2.754603147506714,2.99477481842041,2.9892640113830566,2.9128806591033936
2396,1,2.5942420959472656,2.409843921661377,2.5876450538635254,2.530577023824056
2397,1,-4.464141845703125,-3.464599132537842,-4.436290740966797,-4.121677239735921
2398,1,1.9534612894058228,2.0177016258239746,1.7166600227355957,1.8959409793217976
2399,1,0.006393188610672951,-0.8605543375015259,0.4142412841320038,-0.14663995491961637
2400,1,3.3162264823913574,3.2125842571258545,3.124999761581421,3.2179368336995444
2401,1,2.611414670944214,2.317589044570923,2.2191617488861084,2.3827218214670816
2402,1,1.2716561555862427,2.155787229537964,2.3214926719665527,1.9163120190302532
2403,1,0.37953123450279236,1.223568081855774,0.2248389720916748,0.6093127628167471
2404,1,3.301335334777832,2.9054741859436035,2.810229778289795,3.0056797663370767
2405,1,3.500337839126587,3.3048276901245117,2.282888889312744,3.0293514728546143
2406,1,0.1151132732629776,-2.364499568939209,-1.8299355506896973,-1.3597739487886429
2407,1,2.111729383468628,2.04075288772583,2.4354562759399414,2.1959795157114663
2408,1,3.2086386680603027,2.958249568939209,3.0127110481262207,3.059866428375244
2409,1,2.6652727127075195,2.349219799041748,2.2594995498657227,2.42466402053833
2410,1,3.1393444538116455,2.65934681892395,2.7630324363708496,2.853907903035482
2411,1,1.6648550033569336,1.9347989559173584,2.342541217803955,1.980731725692749
2412,1,2.550009250640869,2.3352293968200684,2.538048028945923,2.47442889213562
2413,1,3.4381730556488037,2.901214599609375,3.1289072036743164,3.1560982863108316
2414,1,2.1917922496795654,2.1524009704589844,1.1118950843811035,1.818696101506551
2415,1,3.0983219146728516,3.0013136863708496,2.515232801437378,2.8716228008270264
2416,1,1.7457720041275024,1.3706729412078857,2.55110239982605,1.889182448387146
2417,1,-4.146531105041504,-2.5805110931396484,-2.7778570652008057,-3.168299754460653
2418,1,-2.385657548904419,-2.3020617961883545,-1.1938844919204712,-1.9605346123377483
2419,1,3.3449604511260986,2.6427528858184814,2.1498868465423584,2.712533394495646
2420,1,3.217324733734131,3.15150785446167,3.160369634628296,3.1764007409413657
2421,1,3.2115232944488525,2.7361252307891846,2.574209213256836,2.8406192461649575
2422,1,-4.8161396980285645,-4.076641082763672,-4.187783241271973,-4.360188007354736
2423,1,-0.18625961244106293,-0.6158735156059265,-0.6164317727088928,-0.47285496691862744
2424,1,2.764178514480591,1.910300374031067,1.9149048328399658,2.196461240450541
2425,1,0.10105186700820923,0.19039346277713776,0.345043420791626,0.212162916858991
2426,1,1.7152295112609863,1.898429036140442,1.6960772275924683,1.7699119249979656
2427,1,3.3125600814819336,3.174726724624634,3.1918911933898926,3.22639266649882
2428,1,1.5886121988296509,1.5542383193969727,1.7462172508239746,1.6296892563501995
2429,1,-0.5890393853187561,-1.2791640758514404,1.8649604320526123,-0.0010810097058614094
2430,1,-2.394235849380493,-1.973340392112732,-3.21581768989563,-2.527797977129618
2431,1,3.2102739810943604,3.107699394226074,2.9146523475646973,3.0775419076283774
2432,1,2.02609920501709,1.8860235214233398,2.4704349040985107,2.127519210179647
2433,1,2.987722873687744,3.296135663986206,2.819929361343384,3.0345959663391113
2434,1,2.9106950759887695,3.1206347942352295,2.7370636463165283,2.9227978388468423
2435,1,3.926133632659912,3.4546632766723633,3.1756818294525146,3.5188262462615967
2436,1,3.055823802947998,2.668311357498169,3.297255754470825,3.0071303049723306
2437,1,3.03541898727417,3.4899072647094727,3.2141177654266357,3.2464813391367593
2438,1,-4.559851169586182,-3.977436065673828,-3.802032232284546,-4.1131064891815186
2439,1,2.3857381343841553,1.6599864959716797,1.220786452293396,1.7555036942164104
2440,1,2.0774946212768555,2.496595621109009,2.1230854988098145,2.232391913731893
2441,1,2.491133213043213,3.0795905590057373,2.8577334880828857,2.809485753377279
2442,1,3.085026741027832,2.3561580181121826,3.0115532875061035,2.8175793488820395
2443,1,3.2466890811920166,3.098703384399414,3.022401809692383,3.122598091761271
2444,1,2.6574063301086426,2.660264253616333,2.6800832748413086,2.665917952855428
2445,1,2.7071774005889893,2.1309661865234375,2.4610981941223145,2.4330805937449136
2446,1,-1.7613892555236816,-1.2658424377441406,-1.8304736614227295,-1.6192351182301838
2447,1,2.1216278076171875,2.089446783065796,2.845517635345459,2.3521974086761475
2448,1,2.968879461288452,3.0407557487487793,3.3042871952056885,3.10464080174764
2449,1,3.2567732334136963,3.0819945335388184,3.2841145992279053,3.207627455393473
2450,1,-2.3243680000305176,-2.8047869205474854,-2.8660244941711426,-2.665059804916382
2451,1,2.868955373764038,2.837211847305298,3.322138547897339,3.009435256322225
2452,1,0.02312876470386982,0.43061986565589905,-0.30371806025505066,0.05001019003490607
2453,1,2.63397216796875,0.4911407232284546,0.1569400578737259,1.0940176496903102
2454,1,0.089266836643219,0.613348126411438,1.5714659690856934,0.7580269773801168
2455,1,0.7447112202644348,1.7726603746414185,1.4721524715423584,1.3298413554827373
2456,1,1.2460514307022095,1.4777328968048096,1.6185791492462158,1.4474544922510784
2457,1,2.252997636795044,2.2935431003570557,1.489565372467041,2.012035369873047
2458,1,-4.506438732147217,-4.293087005615234,-4.039846897125244,-4.279790878295898
2459,1,3.580775022506714,3.0796005725860596,3.361706495285034,3.340694030125936
2460,1,2.8247694969177246,2.828066349029541,2.7803945541381836,2.811076800028483
2461,1,3.0276997089385986,3.1170506477355957,2.837681531906128,2.9941439628601074
2462,1,3.9488325119018555,3.6059658527374268,3.5018439292907715,3.685547431310018
2463,1,2.0323002338409424,2.132493019104004,2.0837323665618896,2.0828418731689453
2464,1,-2.4201974868774414,-3.2685210704803467,-1.2125962972640991,-2.3004382848739624
2465,1,-3.909137010574341,-3.7763960361480713,-3.7517261505126953,-3.8124197324117026
2466,1,-1.2439086437225342,-1.1027408838272095,1.6417561769485474,-0.23496445020039877
2467,1,2.671811580657959,2.518974781036377,2.296525001525879,2.4957704544067383
2468,1,1.886433720588684,1.8703854084014893,2.3193421363830566,2.025387088457743
2469,1,-0.9727849364280701,0.2332594245672226,1.1566203832626343,0.1390316238005956
2470,1,-3.8675856590270996,-3.3956127166748047,-2.7909717559814453,-3.3513900438944497
2471,1,2.866834878921509,2.487405776977539,2.1626336574554443,2.505624771118164
2472,1,3.235299587249756,2.8115227222442627,2.6147217750549316,2.887181361516317
2473,1,3.3721914291381836,3.2394609451293945,3.0129506587982178,3.208201011021932
2474,1,3.2359673976898193,2.9996986389160156,2.7923710346221924,3.0093456904093423
2475,1,-3.8775763511657715,-2.658876657485962,-3.5071897506713867,-3.3478809197743735
2476,1,-4.538327693939209,-3.848588466644287,-3.6848843097686768,-4.023933490117391
2477,1,2.699195384979248,2.220367670059204,2.4308903217315674,2.4501511255900064
2478,1,0.02740848809480667,-0.01889917440712452,0.07155054807662964,0.02668662058810393
2479,1,2.4556386470794678,1.6292604207992554,0.5603229999542236,1.5484073559443157
2480,1,2.3990039825439453,2.641385078430176,2.841569423675537,2.6273194948832193
2481,1,-5.023679256439209,-3.96252703666687,-4.026665687561035,-4.337623993555705
2482,1,2.9215199947357178,2.7083888053894043,2.6022393703460693,2.744049390157064
2483,1,1.4213378429412842,2.1948165893554688,2.6160967350006104,2.0774170557657876
2484,1,2.464874029159546,2.566013813018799,2.339121103286743,2.456669648488363
2485,1,2.7716622352600098,2.7203006744384766,2.9578356742858887,2.8165995279947915
2486,1,2.9538190364837646,2.585202932357788,2.5899534225463867,2.70965846379598
2487,1,-2.3727753162384033,-0.5936040878295898,0.133352130651474,-0.9443424244721731
2488,1,2.289367914199829,1.9477622509002686,1.9575010538101196,2.0648770729700723
2489,1,1.0072153806686401,1.9039357900619507,2.612656831741333,1.8412693341573079
2490,1,2.513427972793579,2.3155174255371094,1.5130876302719116,2.1140110095342
2491,1,2.186851978302002,-0.034297481179237366,1.9773814678192139,1.3766453216473262
2492,1,2.858290195465088,2.829167127609253,1.9457886219024658,2.544415314992269
2493,1,3.3539700508117676,3.1959619522094727,3.3380517959594727,3.295994599660238
2494,1,2.139047861099243,0.8362787365913391,1.844605803489685,1.6066441337267559
2495,1,-2.618682622909546,-3.587456703186035,-1.772129774093628,-2.659423033396403
2496,1,0.31181421875953674,1.1075302362442017,1.7738037109375,1.0643827219804127
2497,1,3.9935965538024902,4.049455165863037,3.9026453495025635,3.9818990230560303
2498,1,2.40913724899292,1.7799443006515503,1.6990137100219727,1.9626984198888142
2499,1,1.050926923751831,1.992077112197876,1.804720163345337,1.6159080664316814
2500,1,-2.044168710708618,-1.186018466949463,1.4419221878051758,-0.5960883299509684
2501,1,2.0235719680786133,1.7671968936920166,1.331660270690918,1.7074763774871826
2502,1,-0.7690510749816895,-0.7902510762214661,-0.06790271401405334,-0.5424016217390696
2503,1,-4.513217449188232,-4.230369567871094,-3.5282676219940186,-4.090618213017781
2504,1,-1.4170472621917725,-0.5771324634552002,-0.9871261715888977,-0.9937686324119568
2505,1,4.014271259307861,3.3261160850524902,3.4100260734558105,3.583471139272054
2506,1,1.946055293083191,1.3370143175125122,1.873537540435791,1.7188690503438313
2507,1,1.9136362075805664,2.1015985012054443,2.17124080657959,2.0621585051218667
2508,1,2.8074605464935303,2.89984130859375,2.603308916091919,2.7702035903930664
2509,1,0.5686387419700623,0.6852214932441711,-3.098414421081543,-0.6148513952891032
2510,1,-0.11465691030025482,-1.249976396560669,-1.0420362949371338,-0.8022232005993525
2511,1,-0.9367156624794006,-0.8453850746154785,-1.6353018283843994,-1.1391341884930928
2512,1,2.257661819458008,2.0513927936553955,3.0227229595184326,2.4439258575439453
2513,1,3.211150884628296,2.948246479034424,3.000202178955078,3.053199847539266
2514,1,2.685929536819458,2.5724141597747803,2.7137954235076904,2.657379706700643
2515,1,2.601017951965332,2.151167869567871,1.6614292860031128,2.1378717025121055
2516,1,3.5801830291748047,3.140016794204712,3.1504552364349365,3.2902183532714844
2517,1,0.8031488656997681,-0.6777929663658142,0.7496424317359924,0.29166611035664874
2518,1,2.8059937953948975,2.6738030910491943,3.073655128479004,2.8511506716410318
2519,1,3.1563167572021484,3.009744644165039,2.7055842876434326,2.9572152296702066
2520,1,3.365452289581299,3.1238949298858643,2.931734323501587,3.1403605143229165
2521,1,-2.6407649517059326,-2.550680637359619,-2.920990467071533,-2.704145352045695
2522,1,2.912966251373291,2.7778255939483643,2.7043583393096924,2.7983833948771157
2523,1,3.502887010574341,3.390777587890625,3.2215158939361572,3.3717268308003745
2524,1,3.1125221252441406,2.8520994186401367,2.6313586235046387,2.865326722462972
2525,1,-0.9871751666069031,-0.16805307567119598,-1.3268647193908691,-0.8273643205563227
2526,1,2.4469375610351562,2.3736021518707275,2.4836409091949463,2.43472687403361
2527,1,3.0309531688690186,2.9555838108062744,2.9138734340667725,2.966803471247355
2528,1,1.9714546203613281,2.4811742305755615,2.0439305305480957,2.1655197938283286
2529,1,2.537590503692627,1.8635172843933105,1.628669023513794,2.009925603866577
2530,1,-3.5323543548583984,-3.707268238067627,-3.785846471786499,-3.675156354904175
2531,1,3.430025577545166,3.4175689220428467,3.1799800395965576,3.342524846394857
2532,1,3.03959321975708,3.191248655319214,2.9950740337371826,3.0753053029378257
2533,1,3.1070613861083984,2.6443750858306885,2.882354974746704,2.877930482228597
2534,1,2.9421067237854004,2.683248281478882,2.7513248920440674,2.7922266324361167
2535,1,2.8755412101745605,2.9959449768066406,2.837146759033203,2.9028776486714682
2536,1,-0.5612847805023193,-1.8093873262405396,-0.5760435461997986,-0.9822385509808859
2537,1,3.32940936088562,3.046229600906372,3.386664867401123,3.254101276397705
2538,1,1.8570690155029297,1.7000954151153564,1.6743735074996948,1.7438459793726604
2539,1,-1.3362350463867188,0.5084084868431091,0.31985315680503845,-0.1693244675795237
2540,1,3.478734254837036,2.880946636199951,2.7366280555725098,3.0321029822031655
2541,1,1.7280175685882568,1.9593522548675537,0.28463730216026306,1.3240023752053578
2542,1,2.689908742904663,2.5151922702789307,2.534498691558838,2.579866568247477
2543,1,-3.9873604774475098,-4.314060688018799,-4.7380194664001465,-4.346480210622151
2544,1,2.3850839138031006,2.312831163406372,2.841731548309326,2.5132155418395996
2545,1,-1.0197222232818604,-2.1025562286376953,-2.552525520324707,-1.891601324081421
2546,1,3.9452738761901855,3.3986990451812744,3.598304271697998,3.647425731023153
2547,1,0.8078817129135132,0.13495120406150818,0.8292849659919739,0.5907059609889984
2548,1,2.804640293121338,3.01511549949646,3.4255194664001465,3.081758419672648
2549,1,-4.19357967376709,-2.588602066040039,-2.327461004257202,-3.036547581354777
2550,1,2.6998050212860107,2.7732222080230713,1.6209524869918823,2.364659905433655
2551,1,3.0836610794067383,3.2273449897766113,3.125702142715454,3.145569403966268
2552,1,1.5670961141586304,1.8059035539627075,1.5223881006240845,1.6317959229151409
2553,1,2.6751248836517334,2.6229100227355957,2.390313148498535,2.5627826849619546
2554,1,2.8547842502593994,2.8159339427948,2.642723798751831,2.7711473306020102
2555,1,2.726661205291748,3.147205352783203,2.836120367050171,2.9033289750417075
2556,1,3.1923909187316895,3.158632278442383,3.100764751434326,3.1505959828694663
2557,1,3.0043065547943115,2.932996988296509,2.632922649383545,2.8567420641581216
2558,1,2.719634532928467,2.206627607345581,2.4948244094848633,2.4736955165863037
2559,1,2.1936707496643066,1.3915176391601562,2.497753143310547,2.0276471773783364
2560,1,1.6770644187927246,2.2406563758850098,1.9913092851638794,1.9696766932805378
2561,1,-0.1137649267911911,1.7792460918426514,1.2655316591262817,0.977004274725914
2562,1,2.7646484375,2.865915298461914,2.898308753967285,2.8429574966430664
2563,1,2.619710683822632,2.673701524734497,2.5070393085479736,2.6001505057017007
2564,1,2.4492692947387695,1.8991590738296509,1.9407966136932373,2.0964083274205527
2565,1,2.0052971839904785,3.2303383350372314,3.2769806385040283,2.837538719177246
2566,1,2.967365264892578,2.3178489208221436,2.734873056411743,2.673362414042155
2567,1,1.1159385442733765,0.35295045375823975,-0.2318417727947235,0.41234907507896423
2568,1,3.4577221870422363,3.3345093727111816,3.452578067779541,3.4149365425109863
2569,1,3.219775915145874,2.320859670639038,1.6268001794815063,2.389145255088806
2570,1,3.269599199295044,2.918217420578003,2.9300262928009033,3.039280970891317
2571,1,0.09174343943595886,-1.9211926460266113,-1.2035189867019653,-1.010989397764206
2572,1,3.224605083465576,2.738995313644409,2.7693252563476562,2.910975217819214
2573,1,2.277686595916748,2.014786720275879,2.555891513824463,2.2827882766723633
2574,1,2.1289169788360596,2.239171028137207,1.8402845859527588,2.069457530975342
2575,1,-2.6510133743286133,-2.7764925956726074,-1.9631929397583008,-2.463566303253174
2576,1,2.4659407138824463,2.5441226959228516,1.75571870803833,2.255260705947876
2577,1,2.5667853355407715,2.088026762008667,2.4359734058380127,2.363595167795817
2578,1,2.446242094039917,1.9906940460205078,2.062391996383667,2.1664427121480307
2579,1,-0.5702770948410034,-2.6306369304656982,-1.8727054595947266,-1.6912064949671428
2580,1,2.3571832180023193,2.595362901687622,2.7422373294830322,2.564927816390991
2581,1,3.3379576206207275,3.212615966796875,3.2695443630218506,3.2733726501464844
2582,1,0.8130990862846375,-0.2877561151981354,0.9206698536872864,0.48200427492459613
2583,1,2.257873296737671,2.4026968479156494,2.455604076385498,2.372058073679606
2584,1,-4.314640998840332,-3.8051071166992188,-3.8889565467834473,-4.002901554107666
2585,1,0.29134324193000793,-2.4288454055786133,0.6882197260856628,-0.48309414585431415
2586,1,1.8422561883926392,1.7819706201553345,2.437328338623047,2.0205183823903403
2587,1,1.2890210151672363,0.721702516078949,2.166005849838257,1.3922431270281475
2588,1,2.327143907546997,-0.09392082691192627,1.6256314516067505,1.2862848440806072
2589,1,2.008634328842163,1.5417839288711548,-0.13263967633247375,1.1392595271269481
2590,1,1.888161301612854,1.0450901985168457,0.8045889735221863,1.2459468245506287
2591,1,3.103748321533203,2.7681140899658203,2.9773917198181152,2.949751377105713
2592,1,-0.5809980034828186,-1.765076756477356,-1.303367257118225,-1.2164806723594666
2593,1,0.01897384785115719,0.3866814374923706,-0.1586318016052246,0.08234116124610107
2594,1,2.0066442489624023,1.295920968055725,1.6346640586853027,1.6457430919011433
2595,1,1.5404452085494995,1.1754169464111328,0.8169496059417725,1.1776039203008015
2596,1,2.896364212036133,2.863762617111206,2.6619536876678467,2.8073601722717285
2597,1,2.8399388790130615,3.1464967727661133,2.629938840866089,2.8721248308817544
2598,1,2.8415884971618652,2.850778818130493,3.0222675800323486,2.904878298441569
2599,1,3.203228235244751,3.2419137954711914,2.832667827606201,3.0926032861073813
2600,1,2.3290438652038574,1.7948206663131714,1.7410273551940918,1.9549639622370403
2601,1,2.5997955799102783,2.4637207984924316,2.615122079849243,2.559546152750651
2602,1,-0.39616650342941284,0.5467337369918823,1.1975984573364258,0.4493885636329651
2603,1,3.090714931488037,2.8890676498413086,2.681752920150757,2.8871785004933677
2604,1,3.2237343788146973,3.133472442626953,3.239877462387085,3.1990280946095786
2605,1,2.533749580383301,1.1687268018722534,1.5943032503128052,1.7655932108561199
2606,1,2.9962596893310547,2.845202684402466,2.656487226486206,2.8326498667399087
2607,1,2.321345329284668,1.828251838684082,1.899383544921875,2.016326904296875
2608,1,0.33344388008117676,-1.7395914793014526,-0.6325735449790955,-0.6795737147331238
2609,1,-3.919116497039795,-3.708918333053589,-3.2659006118774414,-3.631311813990275
2610,1,0.6621705293655396,0.06191910803318024,1.1935794353485107,0.6392230242490768
2611,1,2.5588223934173584,2.2594761848449707,2.6407082080841064,2.486335595448812
2612,1,1.6411229372024536,2.69754695892334,2.3756470680236816,2.2381056547164917
2613,1,2.4109206199645996,1.6329402923583984,2.171215534210205,2.071692148844401
2614,1,1.8841891288757324,1.6295050382614136,1.3196957111358643,1.6111299594243367
2615,1,3.1910181045532227,3.1596920490264893,2.9352376461029053,3.095315933227539
2616,1,-3.92277455329895,-4.252458572387695,-4.488257884979248,-4.221163670221965
2617,1,2.3472819328308105,1.684567928314209,1.1002306938171387,1.7106935183207195
2618,1,-3.2762694358825684,-2.705893039703369,-3.4799773693084717,-3.154046614964803
2619,1,2.565213441848755,2.5470778942108154,2.486485242843628,2.532925526301066
2620,1,-2.3588969707489014,-2.9098405838012695,-0.9685080647468567,-2.079081873099009
2621,1,2.3871331214904785,1.6476434469223022,-0.3688751757144928,1.2219671308994293
2622,1,2.1369636058807373,2.571967601776123,2.5650062561035156,2.4246458212534585
2623,1,2.9586915969848633,2.9996073246002197,3.0462100505828857,3.0015029907226562
2624,1,-2.0153911113739014,-2.5501911640167236,-1.3850752115249634,-1.9835524956385295
2625,1,2.8698837757110596,2.8335347175598145,2.8574366569519043,2.8536183834075928
2626,1,2.2507030963897705,1.7079503536224365,-0.6950913071632385,1.0878540476163228
2627,1,0.03894415870308876,-0.19351761043071747,1.4486604928970337,0.4313623470564683
2628,1,-3.996915817260742,-2.7836337089538574,-1.7930324077606201,-2.8578606446584067
2629,1,3.626795530319214,3.6344640254974365,3.669360399246216,3.6435399850209556
2630,1,2.939236879348755,2.716554880142212,2.823319435119629,2.8263703982035318
2631,1,2.1392135620117188,0.07237956672906876,1.3331083059310913,1.1815671448906262
2632,1,2.813788890838623,1.9210374355316162,2.5579538345336914,2.43092672030131
2633,1,0.7104029655456543,-1.6659283638000488,-0.11641190946102142,-0.35731243590513867
2634,1,3.1285018920898438,2.981987714767456,2.9133496284484863,3.0079464117685952
2635,1,3.307739019393921,3.087667942047119,2.8955795764923096,3.0969955126444497
2636,1,3.3203272819519043,2.800617218017578,2.4408974647521973,2.853947321573893
2637,1,2.248833179473877,2.819553852081299,2.7963814735412598,2.621589501698812
2638,1,2.2721190452575684,2.151505947113037,1.531782865524292,1.9851359526316326
2639,1,2.2295687198638916,1.599360466003418,0.7212382555007935,1.5167224804560344
2640,1,3.0138297080993652,2.8330891132354736,2.0985281467437744,2.648482322692871
2641,1,-0.6407625079154968,0.14728321135044098,0.5444869995117188,0.017002567648887634
2642,1,-3.2641866207122803,-3.4397735595703125,-2.9149043560028076,-3.2062881787618003
2643,1,2.7638320922851562,2.473971128463745,2.1022732257843018,2.446692148844401
2644,1,3.1123456954956055,3.0070154666900635,2.6189255714416504,2.91276224454244
2645,1,3.3888888359069824,3.1857142448425293,3.383897066116333,3.3195000489552817
2646,1,3.2759852409362793,2.6739161014556885,2.850332498550415,2.9334112803141275
2647,1,2.886394500732422,2.940317153930664,2.787766933441162,2.871492862701416
2648,1,2.898545503616333,2.398444175720215,2.2530860900878906,2.5166919231414795
2649,1,-2.4349584579467773,-3.8106558322906494,-4.107120037078857,-3.4509114424387612
2650,1,3.03265118598938,3.2214365005493164,2.861273765563965,3.0384538173675537
2651,1,2.6734066009521484,2.7696282863616943,3.394895553588867,2.945976813634237
2652,1,-1.4943574666976929,-0.875053346157074,-2.0899789333343506,-1.4864632487297058
2653,1,3.2950966358184814,3.1769156455993652,3.261225461959839,3.244412581125895
2654,1,1.9322749376296997,1.375367522239685,1.2982537746429443,1.535298744837443
2655,1,2.29170823097229,2.596689224243164,0.662704348564148,1.850367267926534
2656,1,0.6038966774940491,0.17037026584148407,0.2706455588340759,0.3483041673898697
2657,1,2.965203285217285,2.822359800338745,2.459669351577759,2.749077479044596
2658,1,3.5936007499694824,3.5180718898773193,3.3560919761657715,3.489254872004191
2659,1,0.05958054959774017,0.7028455138206482,0.9391711950302124,0.5671990861495336
2660,1,-1.6887199878692627,-2.6530230045318604,-2.30330491065979,-2.215015967686971
2661,1,3.087895154953003,2.5857231616973877,2.8923449516296387,2.8553210894266763
2662,1,-0.11275807023048401,0.9179501533508301,2.059983491897583,0.9550585250059763
2663,1,0.38938701152801514,1.251745581626892,1.6114301681518555,1.0841875871022542
2664,1,-2.037044048309326,-1.3144670724868774,-2.456808567047119,-1.936106562614441
2665,1,3.625310182571411,3.4444236755371094,3.5545480251312256,3.5414272944132485
2666,1,-2.3953850269317627,-0.8624411225318909,-0.6052270531654358,-1.287684400876363
2667,1,0.44432705640792847,0.8087876439094543,2.047142267227173,1.1000856558481853
2668,1,-0.5182492733001709,-2.0930068492889404,-1.1102094650268555,-1.2404885292053223
2669,1,3.0692224502563477,3.106980323791504,3.0825486183166504,3.0862504641215005
2670,1,3.587411403656006,3.4573967456817627,3.176394462585449,3.4070675373077393
2671,1,1.2912803888320923,1.3838114738464355,1.222033143043518,1.2990416685740154
2672,1,2.606168031692505,2.806271553039551,2.156311273574829,2.5229169527689614
2673,1,3.0626418590545654,2.736081123352051,2.628333330154419,2.8090187708536782
2674,1,3.4366886615753174,2.984586715698242,2.4116101264953613,2.9442951679229736
2675,1,3.389817714691162,2.977201461791992,3.0405519008636475,3.135857025782267
2676,1,2.8268790245056152,2.727353096008301,2.5827908515930176,2.712340990702311
2677,1,-1.050632357597351,-0.6632128953933716,-0.2569900453090668,-0.6569450994332632
2678,1,1.803849697113037,1.4190870523452759,2.4777863025665283,1.9002410173416138
2679,1,1.1197245121002197,0.7229956984519958,-0.24434849619865417,0.5327905714511871
2680,1,2.4599010944366455,1.2184855937957764,1.3216679096221924,1.666684865951538
2681,1,1.9021860361099243,1.9071571826934814,1.5468648672103882,1.7854026953379314
2682,1,-4.013840675354004,-3.2834677696228027,-2.1854684352874756,-3.1609256267547607
2683,1,1.9982280731201172,2.0459609031677246,2.3060925006866455,2.116760492324829
2684,1,0.4369051456451416,1.0528151988983154,-0.18063358962535858,0.43636225163936615
2685,1,2.8465254306793213,3.0091772079467773,3.2057313919067383,3.0204780101776123
2686,1,1.2069145441055298,2.224346876144409,2.1348748207092285,1.8553787469863892
2687,1,0.09045996516942978,1.01931631565094,1.1849255561828613,0.7649006123344103
2688,1,2.7454440593719482,2.7850639820098877,2.7183547019958496,2.7496209144592285
2689,1,-0.39651238918304443,1.2610924243927002,0.6544464230537415,0.5063421527544657
2690,1,2.5866470336914062,3.181732654571533,2.9913883209228516,2.919922669728597
2691,1,2.9228568077087402,3.0620763301849365,2.8197500705718994,2.934894402821859
2692,1,3.043485403060913,2.5673420429229736,2.368669271469116,2.659832239151001
2693,1,1.96988046169281,1.327099084854126,0.7566784620285034,1.3512193361918132
2694,1,1.4313364028930664,0.3389509320259094,1.9797682762145996,1.2500185370445251
2695,1,0.9150422811508179,-1.0992741584777832,0.15375979244709015,-0.010157361626625061
2696,1,1.9575080871582031,2.4203402996063232,2.4487273693084717,2.2755252520243325
2697,1,1.5093953609466553,1.2244958877563477,1.8273005485534668,1.5203972657521565
2698,1,1.240904450416565,0.4102522134780884,2.1269452571868896,1.259367307027181
2699,1,2.1646535396575928,1.2579374313354492,1.9285149574279785,1.78370197614034
2700,1,1.529417634010315,-1.7514680624008179,-1.06328284740448,-0.4284444252649943
2701,1,-3.552776575088501,-1.0561543703079224,-1.4905153512954712,-2.033148765563965
2702,1,2.8392183780670166,2.633068799972534,2.6981008052825928,2.7234626611073813
2703,1,2.778481960296631,2.43343186378479,2.358032703399658,2.52331550916036
2704,1,1.8884648084640503,1.3039487600326538,1.386399507522583,1.5262710253397624
2705,1,3.6636366844177246,3.3880527019500732,3.3261971473693848,3.4592955112457275
2706,1,2.7390918731689453,2.9567923545837402,2.9399285316467285,2.878604253133138
2707,1,1.4817335605621338,1.2415602207183838,1.2385547161102295,1.3206161657969158
2708,1,2.7888002395629883,2.683622121810913,2.4297990798950195,2.634073813756307
2709,1,-2.952967643737793,-3.557420253753662,-4.366785526275635,-3.62572447458903
2710,1,-3.660921573638916,-3.0161070823669434,-2.6742022037506104,-3.1170769532521567
2711,1,2.3532321453094482,2.2547683715820312,1.762815237045288,2.123605251312256
2712,1,-1.9114108085632324,-2.462374687194824,-2.9523444175720215,-2.4420433044433594
2713,1,2.7072291374206543,1.5998620986938477,1.817474126815796,2.0415217876434326
2714,1,2.4941513538360596,2.7277538776397705,2.948115825653076,2.7233403523763022
2715,1,1.9150421619415283,1.9481981992721558,2.16575026512146,2.009663542111715
2716,1,3.077059268951416,3.3377838134765625,3.038198709487915,3.1510139306386313
2717,1,-3.2094507217407227,-3.0731592178344727,-2.80629301071167,-3.0296343167622886
2718,1,2.861645221710205,3.1415553092956543,2.8985953330993652,2.9672652880350747
2719,1,1.6316654682159424,0.8867060542106628,0.9329842329025269,1.150451918443044
2720,1,2.8222813606262207,2.72939133644104,2.515460252761841,2.6890443166097007
2721,1,2.566016674041748,2.4445440769195557,2.5626132488250732,2.5243913332621255
2722,1,2.7677485942840576,3.229100227355957,2.9711530208587646,2.9893339474995932
2723,1,0.4017218053340912,0.5478386878967285,0.5060063004493713,0.48518893122673035
2724,1,2.8616790771484375,2.8130531311035156,2.8437044620513916,2.8394788901011148
2725,1,2.5471291542053223,2.5982818603515625,2.8182809352874756,2.6545639832814536
2726,1,3.2998292446136475,3.075949192047119,2.8667995929718018,3.080859343210856
2727,1,2.2728374004364014,2.1880686283111572,1.881204605102539,2.1140368779500327
2728,1,3.494900703430176,3.5917906761169434,3.1991679668426514,3.4286197821299234
2729,1,2.013814687728882,2.4810631275177,2.7083218097686768,2.401066541671753
2730,1,-2.011756420135498,-2.235598564147949,-1.1976991891860962,-1.8150180578231812
2731,1,2.11904239654541,2.699460506439209,2.773617744445801,2.5307068824768066
2732,1,-3.8751909732818604,-2.9937729835510254,-2.413428783416748,-3.0941309134165444
2733,1,-1.2383379936218262,-2.389608383178711,-2.993298292160034,-2.2070815563201904
2734,1,1.8017736673355103,2.0650832653045654,2.068901777267456,1.978586236635844
2735,1,2.7587642669677734,2.5706639289855957,2.319033145904541,2.5494871139526367
2736,1,0.7326791882514954,-0.19654273986816406,0.401550829410553,0.31256242593129474
2737,1,2.151427745819092,2.4861786365509033,2.7773618698120117,2.471656084060669
2738,1,2.2368788719177246,2.254405975341797,1.965684413909912,2.152323087056478
2739,1,2.7864251136779785,1.9843417406082153,2.249217987060547,2.33999494711558
2740,1,1.9230420589447021,1.5391826629638672,2.176133632659912,1.8794527848561604
2741,1,3.3847830295562744,3.397632122039795,3.059286594390869,3.280567248662313
2742,1,1.2197308540344238,1.9465405941009521,2.032607316970825,1.7329595883687336
2743,1,1.8154957294464111,2.00773549079895,1.9022765159606934,1.9085025787353516
2744,1,3.134781837463379,2.820359230041504,2.557927370071411,2.837689479192098
2745,1,3.3535947799682617,2.9127557277679443,3.0266876220703125,3.097679376602173
2746,1,2.6503870487213135,2.7025651931762695,1.9306981563568115,2.4278834660847983
2747,1,3.2457094192504883,3.1294167041778564,2.7384424209594727,3.037856181462606
2748,1,-2.9680135250091553,-2.365593910217285,-2.589925765991211,-2.6411777337392173
2749,1,-2.22733473777771,-0.920214831829071,-2.090131998062134,-1.7458938558896382
2750,1,-0.870934009552002,-2.8172295093536377,-2.2044427394866943,-1.964202086130778
2751,1,-3.427431583404541,-1.5917589664459229,-0.7433586716651917,-1.9208497405052185
2752,1,2.844594717025757,2.4116106033325195,2.7460923194885254,2.6674325466156006
2753,1,2.6527466773986816,2.1094329357147217,2.298207998275757,2.35346253712972
2754,1,1.4855961799621582,1.6947109699249268,0.8133984804153442,1.3312352101008098
2755,1,-2.006253957748413,-1.697156310081482,-1.8097392320632935,-1.8377164999643962
2756,1,3.490689516067505,2.8392679691314697,2.7163352966308594,3.0154309272766113
2757,1,0.9259459376335144,0.6897360682487488,1.3174779415130615,0.9777199824651083
2758,1,2.366346836090088,2.5031538009643555,1.3535840511322021,2.074361562728882
2759,1,0.502036452293396,1.1930196285247803,1.4560796022415161,1.0503785610198975
2760,1,2.3728485107421875,2.363645315170288,0.9996203184127808,1.9120380481084187
2761,1,3.5322225093841553,3.506054401397705,3.140000343322754,3.392759084701538
2762,1,1.1573847532272339,1.5366839170455933,2.018725872039795,1.5709315141042073
2763,1,2.969254970550537,1.1903895139694214,3.0983033180236816,2.4193159341812134
2764,1,2.780208110809326,2.952603816986084,2.6220450401306152,2.7849523226420083
2765,1,2.781014919281006,2.1274120807647705,2.021672010421753,2.3100330034891763
2766,1,-3.9095888137817383,-4.02537727355957,-3.222304344177246,-3.719090143839518
2767,1,3.2871599197387695,3.2959890365600586,3.1794114112854004,3.2541867891947427
2768,1,2.0295276641845703,2.0118868350982666,2.7924134731292725,2.277942657470703
2769,1,1.8286865949630737,1.7380656003952026,2.076709747314453,1.88115398089091
2770,1,2.3995730876922607,2.6801035404205322,2.6516330242156982,2.5771032174428306
2771,1,-2.0246505737304688,-1.2998473644256592,-0.8787133097648621,-1.4010704159736633
2772,1,0.6117596626281738,1.5065299272537231,1.8294473886489868,1.3159123261769612
2773,1,1.7244157791137695,1.5928508043289185,2.3434250354766846,1.8868972063064575
2774,1,2.673198699951172,2.0249550342559814,0.7508028745651245,1.8163188695907593
2775,1,-5.410874366760254,-4.794775009155273,-4.516251564025879,-4.907300313313802
2776,1,-1.2495949268341064,-1.8423552513122559,-1.9826562404632568,-1.691535472869873
2777,1,-0.39619168639183044,-1.5808954238891602,0.0658443346619606,-0.6370809252063433
2778,1,0.8948104381561279,1.4257525205612183,1.4107229709625244,1.2437619765599568
2779,1,-0.8245261311531067,0.04484213516116142,0.07224933803081512,-0.23581155265371004
2780,1,-0.11753153800964355,2.0568275451660156,-0.07813066244125366,0.6203884482383728
2781,1,-0.31537267565727234,-0.771531879901886,-0.5917620658874512,-0.5595555404822031
2782,1,2.5131659507751465,2.1609416007995605,1.6130504608154297,2.095719337463379
2783,1,-1.4923605918884277,1.1547138690948486,-0.5092782974243164,-0.28230834007263184
2784,1,0.5570494532585144,0.8347007632255554,0.4608067274093628,0.6175189812978109
2785,1,3.719494342803955,3.7346935272216797,3.469515800476074,3.641234556833903
2786,1,1.6002929210662842,0.2278808206319809,1.465065598487854,1.0977464467287064
2787,1,1.5121467113494873,0.7363927364349365,-1.0366501808166504,0.4039630889892578
2788,1,0.05203195661306381,2.018610715866089,2.0599966049194336,1.376879759132862
2789,1,0.9210652112960815,1.2899994850158691,1.8462028503417969,1.3524225155512493
2790,1,2.6387569904327393,2.700502634048462,2.6475164890289307,2.6622587045033774
2791,1,2.7304086685180664,2.917835235595703,2.82846736907959,2.8255704243977866
2792,1,1.7758827209472656,2.2380619049072266,2.0761632919311523,2.030035972595215
2793,1,2.8687427043914795,2.6767120361328125,2.4876158237457275,2.6776901880900064
2794,1,2.626539707183838,2.747410535812378,2.5472915172576904,2.6404139200846353
2795,1,-1.7736071348190308,0.17298945784568787,-1.9198330640792847,-1.1734835803508759
2796,1,2.56168794631958,2.370051145553589,1.957228422164917,2.296322504679362
2797,1,2.4641408920288086,2.2992539405822754,2.399813652038574,2.387736161549886
2798,1,2.7367165088653564,2.536012887954712,2.4315755367279053,2.568101644515991
2799,1,2.3691861629486084,0.7733886241912842,-0.9511041045188904,0.7304902275403341
2800,1,3.4163334369659424,3.074068307876587,3.203594446182251,3.2313320636749268
2801,1,2.810283660888672,2.84305477142334,2.801800012588501,2.8183794816335044
2802,1,3.1872477531433105,2.374343156814575,1.941102385520935,2.500897765159607
2803,1,3.7132091522216797,3.194859266281128,3.149625539779663,3.3525646527608237
2804,1,2.6991443634033203,2.7153241634368896,2.6359024047851562,2.6834569772084556
2805,1,3.2697365283966064,3.045365810394287,3.180450439453125,3.165184259414673
2806,1,2.5288355350494385,2.5137715339660645,2.7093920707702637,2.5839997132619223
2807,1,-4.85111141204834,-4.9111247062683105,-4.567193031311035,-4.7764763832092285
2808,1,2.7816238403320312,2.600630521774292,2.5904171466827393,2.657557169596354
2809,1,3.1096596717834473,2.7610206604003906,2.898077964782715,2.922919432322184
2810,1,2.860426425933838,2.5816900730133057,2.6797056198120117,2.7072740395863852
2811,1,3.1998608112335205,2.9352076053619385,2.8640670776367188,2.999711831410726
2812,1,-1.6360903978347778,-1.146620273590088,-1.6329946517944336,-1.471901774406433
2813,1,-1.149048089981079,-2.1952078342437744,-1.8757598400115967,-1.7400052547454834
2814,1,2.0237934589385986,2.2330596446990967,2.5392985343933105,2.2653838793436685
2815,1,-2.7575690746307373,-1.9578269720077515,-1.3159433603286743,-2.010446468989054
2816,1,3.5719141960144043,2.684108018875122,2.7440295219421387,3.000017245610555
2817,1,2.326077938079834,2.0239689350128174,2.284575939178467,2.211540937423706
2818,1,-0.40171465277671814,-1.4099525213241577,0.8959687352180481,-0.30523281296094257
2819,1,1.9523078203201294,0.3644483685493469,1.8950657844543457,1.4039406577746074
2820,1,3.284526824951172,2.904449462890625,2.8440887928009033,3.011021693547567
2821,1,2.6593923568725586,2.526298761367798,2.5128345489501953,2.5661752223968506
2822,1,1.5004898309707642,0.45916223526000977,0.3941647410392761,0.78460560242335
2823,1,3.5676252841949463,3.0768277645111084,3.418928623199463,3.3544605573018393
2824,1,2.0030264854431152,1.2203824520111084,0.5070731043815613,1.2434940139452617
2825,1,-0.6365313529968262,1.3451215028762817,1.9559650421142578,0.8881850639979044
2826,1,2.6679413318634033,2.913764715194702,2.9723353385925293,2.8513471285502114
2827,1,-1.0739591121673584,0.04162187874317169,1.8063198328018188,0.25799419979254407
2828,1,-0.7290706038475037,0.7624374032020569,0.8912278413772583,0.3081982135772705
2829,1,2.699202060699463,2.7513091564178467,2.74822998046875,2.7329137325286865
2830,1,-1.263155221939087,-1.6109353303909302,-1.95220947265625,-1.6087666749954224
2831,1,2.810455560684204,2.5026068687438965,2.4695725440979004,2.5942116578420005
2832,1,-0.2775399386882782,-0.9838100075721741,0.3665302097797394,-0.298273245493571
2833,1,2.2185003757476807,2.018362283706665,1.983275055885315,2.0733792384465537
2834,1,3.250267505645752,3.1388070583343506,2.6960012912750244,3.0283586184183755
2835,1,0.5907698273658752,0.036203958094120026,1.0419600009918213,0.5563112621506056
2836,1,0.606706440448761,1.0509241819381714,0.6020401120185852,0.7532235781351725
2837,1,-0.9564493298530579,-0.32543471455574036,-0.8242015242576599,-0.7020285228888193
2838,1,2.89445161819458,2.805330514907837,2.766829252243042,2.822203795115153
2839,1,2.995954990386963,2.7663726806640625,2.7984018325805664,2.8535765012105307
2840,1,1.5632563829421997,1.9233430624008179,1.7337281703948975,1.7401092052459717
2841,1,2.483776092529297,1.9294568300247192,1.0529978275299072,1.8220769166946411
2842,1,2.1237549781799316,2.102299690246582,2.8424277305603027,2.356160799662272
2843,1,-0.4449073076248169,1.3794652223587036,1.9502813816070557,0.9616130987803141
2844,1,2.309784173965454,2.4028897285461426,1.7425217628479004,2.1517318884531655
2845,1,2.3858537673950195,1.3292793035507202,0.9214828610420227,1.545538643995921
2846,1,0.9894707202911377,0.6849343180656433,1.0962703227996826,0.9235584537188212
2847,1,2.2035179138183594,2.6364004611968994,2.858072519302368,2.5659969647725425
2848,1,2.6163060665130615,1.7123397588729858,2.2961976528167725,2.20828115940094
2849,1,3.2738828659057617,3.312304973602295,2.8877084255218506,3.1579654216766357
2850,1,2.457813262939453,2.329275131225586,2.7748191356658936,2.5206358432769775
2851,1,2.481266975402832,2.0594329833984375,2.5238943099975586,2.354864756266276
2852,1,2.6973867416381836,2.3826756477355957,2.4853644371032715,2.521808942159017
2853,1,2.959019899368286,2.7692553997039795,2.0927021503448486,2.606992483139038
2854,1,2.909797430038452,2.327529191970825,2.495917797088623,2.5777481396993003
2855,1,2.7246766090393066,2.650495767593384,2.8194358348846436,2.731536070505778
2856,1,2.2546322345733643,2.6072587966918945,1.6271860599517822,2.163025697072347
2857,1,3.2074217796325684,3.178744077682495,3.011502504348755,3.132556120554606
2858,1,2.243049144744873,1.8699519634246826,1.250341534614563,1.7877808809280396
2859,1,1.915022611618042,2.0963077545166016,2.4586222171783447,2.1566508611043296
2860,1,2.5363998413085938,1.4710373878479004,2.0293450355529785,2.0122607549031577
2861,1,3.7109475135803223,3.238110303878784,3.4737799167633057,3.474279244740804
2862,1,2.0192179679870605,1.1835079193115234,2.154853105545044,1.7858596642812092
2863,1,-1.7168124914169312,-2.5784265995025635,-2.0218777656555176,-2.1057056188583374
2864,1,2.9855616092681885,2.860741138458252,3.1673712730407715,3.004558006922404
2865,1,3.0976061820983887,3.2979040145874023,2.972428560256958,3.1226462523142495
2866,1,2.5430822372436523,2.7112536430358887,2.385047435760498,2.5464611053466797
2867,1,2.6722917556762695,2.38238263130188,0.9315444231033325,1.9954062700271606
2868,1,2.7877144813537598,2.785714626312256,1.5105787515640259,2.3613359530766806
2869,1,-4.3059892654418945,-3.301283836364746,-3.2378604412078857,-3.6150445143381753
2870,1,1.0013823509216309,1.9062376022338867,1.4436132907867432,1.450411081314087
2871,1,0.720565676689148,0.9215628504753113,-1.7142894268035889,-0.024053633213043213
2872,1,2.202928066253662,1.5611255168914795,1.7822649478912354,1.8487728436787922
2873,1,-0.6466764807701111,-1.6705024242401123,-2.4049298763275146,-1.5740362604459126
2874,1,3.100879430770874,3.1306183338165283,3.136462450027466,3.1226534048716226
2875,1,1.304929494857788,1.0139148235321045,1.6677789688110352,1.3288744290669758
2876,1,1.178525447845459,1.5900324583053589,-0.4159429371356964,0.7842049896717072
2877,1,3.1037328243255615,2.263995885848999,2.444430112838745,2.604052941004435
2878,1,1.279552936553955,1.1371370553970337,0.7778804898262024,1.0648568272590637
2879,1,-3.3923683166503906,-2.676907539367676,-2.911769151687622,-2.9936816692352295
2880,1,3.288872480392456,3.327815532684326,3.1685218811035156,3.2617366313934326
2881,1,3.879101037979126,3.23203182220459,3.057016372680664,3.38938307762146
2882,1,0.39452677965164185,1.1891911029815674,1.0605146884918213,0.8814108570416769
2883,1,-0.8057124614715576,-1.4519290924072266,-0.8054754137992859,-1.0210389892260234
2884,1,3.1976122856140137,2.7967042922973633,2.261337995529175,2.751884857813517
2885,1,-1.9159739017486572,-1.702152967453003,-0.2805289626121521,-1.2995519439379375
2886,1,2.7509982585906982,2.80416202545166,3.0651984214782715,2.87345290184021
2887,1,-3.37412428855896,-2.768404722213745,-3.391838312149048,-3.1781224409739175
2888,1,2.188314437866211,0.6614103317260742,-0.08139032125473022,0.9227781494458517
2889,1,0.29266780614852905,0.6333534717559814,2.0508334636688232,0.992284913857778
2890,1,1.5595893859863281,1.0737318992614746,0.6916216611862183,1.108314315478007
2891,1,-2.488938808441162,-3.085599899291992,-1.8218640089035034,-2.4654675722122192
2892,1,-3.3800275325775146,-2.8354527950286865,-3.555402994155884,-3.2569611072540283
2893,1,3.132629156112671,3.016078233718872,2.864020586013794,3.0042426586151123
2894,1,2.7803092002868652,3.100522994995117,2.428182363510132,2.7696715195973716
2895,1,2.9468436241149902,3.135685443878174,3.1204450130462646,3.067658027013143
2896,1,2.384258508682251,2.7477757930755615,2.5893802642822266,2.5738048553466797
2897,1,2.6624810695648193,1.9898146390914917,2.182170867919922,2.278155525525411
2898,1,-5.010156631469727,-3.5919578075408936,-2.2168312072753906,-3.6063152154286704
2899,1,1.9001505374908447,1.2184922695159912,1.395677924156189,1.5047735770543416
2900,1,1.568460464477539,0.5195426344871521,-0.23411765694618225,0.6179618140061697
2901,1,0.6528680920600891,0.057456210255622864,1.4467780590057373,0.7190341204404831
2902,1,2.4995977878570557,2.9171924591064453,2.806093454360962,2.740961233774821
2903,1,-2.948272228240967,-2.4550106525421143,-2.727238893508911,-2.7101739247639975
2904,1,2.647766351699829,1.5445655584335327,2.132366895675659,2.108232935269674
2905,1,-0.8071209788322449,-1.482759952545166,-1.4511890411376953,-1.2470233241717021
2906,1,2.7792868614196777,2.697662591934204,3.0314745903015137,2.836141347885132
2907,1,2.8480894565582275,2.1255733966827393,2.8856990337371826,2.6197872956593833
2908,1,-1.0513156652450562,0.861066460609436,0.35099515318870544,0.05358198285102844
2909,1,1.8824228048324585,1.465334177017212,1.6059248447418213,1.6512272755304973
2910,1,3.3270511627197266,2.9430062770843506,2.7160279750823975,2.995361804962158
2911,1,0.5027365684509277,0.5406948328018188,0.26468247175216675,0.43603795766830444
2912,1,2.621669292449951,1.604080080986023,2.2449796199798584,2.1569096644719443
2913,1,3.218596935272217,3.1099846363067627,2.4303324222564697,2.91963799794515
2914,1,0.35206395387649536,0.6025002598762512,-0.9324577450752258,0.007368822892506917
2915,1,2.5067992210388184,2.6618399620056152,2.704437494277954,2.624358892440796
2916,1,3.124953508377075,2.858555555343628,2.8453989028930664,2.94296932220459
2917,1,-1.2519279718399048,0.1092328354716301,0.2108595371246338,-0.31061186641454697
2918,1,3.3058130741119385,3.0543692111968994,2.821821928024292,3.0606680711110434
2919,1,0.9777309894561768,1.1789088249206543,0.9950483441352844,1.0505627195040386
2920,1,-1.1535258293151855,-1.5589914321899414,-2.26267671585083,-1.6583979924519856
2921,1,-0.5229062438011169,-0.1356498897075653,1.005064845085144,0.1155029038588206
2922,1,1.7087260484695435,2.455063819885254,2.4912819862365723,2.21835728486379
2923,1,2.622210741043091,3.0156688690185547,3.106646776199341,2.914842128753662
2924,1,2.567068099975586,1.5188642740249634,2.125216484069824,2.0703829526901245
2925,1,2.9795169830322266,2.7086181640625,2.709745168685913,2.7992934385935464
2926,1,2.715270519256592,2.3563807010650635,1.7338122129440308,2.268487811088562
2927,1,4.402352333068848,4.052797794342041,3.2840850353240967,3.9130783875783286
2928,1,2.0464959144592285,0.8129289150238037,2.418179750442505,1.7592015266418457
2929,1,-4.349029541015625,-4.744171619415283,-4.934993267059326,-4.676064809163411
2930,1,2.7929201126098633,2.4062726497650146,2.78239369392395,2.660528818766276
2931,1,-2.58575177192688,-0.5012772679328918,2.0559916496276855,-0.34367913007736206
2932,1,3.1175684928894043,2.928144931793213,2.7384541034698486,2.9280558427174888
2933,1,2.6191656589508057,2.290072202682495,2.2230875492095947,2.3774418036142984
2934,1,1.8746280670166016,2.4322352409362793,2.6302876472473145,2.3123836517333984
2935,1,-2.366316556930542,-2.807816743850708,-3.957308769226074,-3.043814023335775
2936,1,3.608769178390503,3.3869800567626953,3.3676085472106934,3.4544525941212973
2937,1,2.224658250808716,2.596742868423462,2.9889495372772217,2.6034502188364663
2938,1,2.63734769821167,1.7863727807998657,1.679476022720337,2.034398833910624
2939,1,3.1507420539855957,2.71695613861084,2.0366907119750977,2.6347963015238443
2940,1,1.2975026369094849,1.837203860282898,2.1888198852539062,1.774508794148763
2941,1,3.5836257934570312,3.5601584911346436,3.5129010677337646,3.5522284507751465
2942,1,2.0412611961364746,2.2504899501800537,1.831459403038025,2.0410701831181846
2943,1,-1.6107988357543945,-0.4277467727661133,0.5646922588348389,-0.49128444989522296
2944,1,2.7992584705352783,2.4035463333129883,1.473227858543396,2.2253442207972207
2945,1,2.923734426498413,2.781585454940796,2.4968485832214355,2.7340561548868814
2946,1,1.8401685953140259,2.056262493133545,1.6827600002288818,1.8597303628921509
2947,1,2.1608822345733643,1.8399553298950195,0.9471717476844788,1.6493364373842876
2948,1,3.488419771194458,3.0592923164367676,2.5781493186950684,3.0419538021087646
2949,1,2.6172256469726562,2.472485065460205,2.538698673248291,2.5428031285603843
2950,1,-4.6044769287109375,-4.025538444519043,-3.746086597442627,-4.125367323557536
2951,1,-3.69991397857666,-2.4765658378601074,-0.8205300569534302,-2.3323366244633994
2952,1,2.8629653453826904,2.526949882507324,2.8223259449005127,2.7374137242635093
2953,1,-2.716940402984619,0.02937573567032814,-0.9562152624130249,-1.2145933099091053
2954,1,3.197286605834961,2.701793909072876,2.3861324787139893,2.761737664540609
2955,1,2.7788009643554688,2.668335199356079,2.6431233882904053,2.696753184000651
2956,1,2.5594537258148193,2.579216241836548,2.5090384483337402,2.5492361386617026
2957,1,3.0551228523254395,3.025568962097168,3.0539608001708984,3.044884204864502
2958,1,1.9197932481765747,2.407650947570801,2.3378093242645264,2.2217511733373008
2959,1,3.4133963584899902,3.3046348094940186,2.9292337894439697,3.215754985809326
2960,1,3.092695474624634,2.927433729171753,3.012192726135254,3.0107739766438804
2961,1,1.8792182207107544,1.4759860038757324,0.7529841065406799,1.3693961103757222
2962,1,2.3111703395843506,1.622768521308899,2.412442684173584,2.115460515022278
2963,1,2.2335543632507324,2.8517708778381348,2.6186697483062744,2.5679983297983804
2964,1,0.25839194655418396,1.2736011743545532,0.2485777884721756,0.5935236364603043
2965,1,2.4826176166534424,2.5569708347320557,2.739443778991699,2.593010743459066
2966,1,-3.222208023071289,-2.4308040142059326,-2.497403621673584,-2.7168052196502686
2967,1,2.2563090324401855,2.7273571491241455,2.8655025959014893,2.616389592488607
2968,1,0.7087075114250183,1.327057123184204,1.8060592412948608,1.2806079586346943
2969,1,2.7714951038360596,2.718290090560913,2.4833271503448486,2.6577041149139404
2970,1,1.9370074272155762,2.767183542251587,2.691253900527954,2.4651482899983725
2971,1,2.7836837768554688,2.1502861976623535,2.2834131717681885,2.405794382095337
2972,1,3.2503821849823,2.7125747203826904,2.924731969833374,2.9625629583994546
2973,1,1.8018980026245117,2.345546245574951,2.432934045791626,2.193459431330363
2974,1,2.597233295440674,2.2801754474639893,2.5938961505889893,2.4904349644978843
2975,1,2.019503355026245,2.244478464126587,2.1935300827026367,2.1525039672851562
2976,1,2.590163469314575,3.029794216156006,2.8742034435272217,2.8313870429992676
2977,1,0.006246484816074371,-1.2454215288162231,-0.6616812944412231,-0.6336187794804573
2978,1,1.6775747537612915,1.6056816577911377,2.1469058990478516,1.810054103533427
2979,1,2.834822654724121,3.009636878967285,2.4708266258239746,2.7717620531717935
2980,1,2.117238998413086,1.7746658325195312,1.2994269132614136,1.7304439147313435
2981,1,0.5204230546951294,1.2367045879364014,2.7041380405426025,1.4870885610580444
2982,1,-0.06527718156576157,1.350087285041809,1.4629385471343994,0.915916216870149
2983,1,2.3980846405029297,2.4023044109344482,2.203470230102539,2.3346197605133057
2984,1,-2.485597848892212,-5.044078826904297,-4.520342826843262,-4.01667316754659
2985,1,-0.4738653004169464,-1.291651725769043,-0.3451346755027771,-0.7035505672295889
2986,1,2.949864149093628,2.8563876152038574,2.9026830196380615,2.902978261311849
2987,1,2.037890911102295,1.853188395500183,1.8337862491607666,1.9082885185877483
2988,1,1.209256649017334,0.8820099234580994,0.17070411145687103,0.7539902279774348
2989,1,2.312483549118042,1.4253100156784058,1.9772182703018188,1.9050039450327556
2990,1,2.044917345046997,0.9778304696083069,0.9834263324737549,1.335391382376353
2991,1,2.870884895324707,2.834012985229492,3.149811029434204,2.9515696366628013
2992,1,1.5545800924301147,1.8705077171325684,2.0639514923095703,1.8296797672907512
2993,1,3.2853341102600098,3.4835174083709717,2.9651119709014893,3.2446544965108237
2994,1,3.092893362045288,3.2356107234954834,3.178454637527466,3.1689862410227456
2995,1,-1.0478421449661255,-1.0771851539611816,0.7112683057785034,-0.4712529977162679
2996,1,3.0480153560638428,3.129650115966797,3.0026304721832275,3.060098648071289
2997,1,3.2447664737701416,3.2467591762542725,3.031414270401001,3.1743133068084717
2998,1,-3.760622978210449,-3.3297650814056396,-2.4177029132843018,-3.1693636576334634
2999,1,3.0932259559631348,2.5629334449768066,2.7932612895965576,2.8164735635121665
3000,1,2.523425579071045,-0.39111191034317017,-0.5777239799499512,0.5181965629259745
3001,1,3.1254076957702637,2.8977737426757812,2.580824851989746,2.86800209681193
3002,1,3.219838857650757,3.1336748600006104,3.0162291526794434,3.1232476234436035
3003,1,1.6560394763946533,1.165128469467163,-0.609693169593811,0.7371582587560018
3004,1,1.5258909463882446,2.7162067890167236,2.4727914333343506,2.238296389579773
3005,1,-1.0462722778320312,-1.3681706190109253,-2.4139342308044434,-1.6094590425491333
3006,1,3.2804651260375977,3.1164979934692383,3.138576030731201,3.1785130500793457
3007,1,1.89534592628479,0.943679928779602,1.1674463748931885,1.3354907433191936
3008,1,3.0153181552886963,2.734555721282959,2.7074568271636963,2.8191102345784507
3009,1,3.2092373371124268,2.8580965995788574,2.5544888973236084,2.873940944671631
3010,1,1.6598961353302002,1.0959042310714722,1.921027660369873,1.5589426755905151
3011,1,2.969527006149292,2.3663198947906494,2.2014150619506836,2.512420654296875
3012,1,2.1253857612609863,1.33083176612854,0.5976825952529907,1.351300040880839
3013,1,2.774700880050659,2.531993865966797,2.6031532287597656,2.6366159915924072
3014,1,2.870626926422119,2.5240306854248047,2.626007080078125,2.6735548973083496
3015,1,2.3571813106536865,2.233625888824463,1.46727454662323,2.019360582033793
3016,1,3.08138370513916,2.8439440727233887,2.7746942043304443,2.9000073273976645
3017,1,1.8567194938659668,1.8750110864639282,1.9660813808441162,1.8992706537246704
3018,1,1.610695719718933,-0.8049120903015137,-1.931558609008789,-0.37525832653045654
3019,1,3.106938362121582,2.7510836124420166,2.8465893268585205,2.9015371004740396
3020,1,2.1795051097869873,2.0133249759674072,2.1894240379333496,2.127418041229248
3021,1,-3.759617328643799,-2.5557186603546143,-4.3616461753845215,-3.5589940547943115
3022,1,-1.0181095600128174,0.4869275689125061,1.4099701642990112,0.29292939106623334
3023,1,2.572382926940918,2.4883475303649902,2.2500219345092773,2.436917463938395
3024,1,-2.7627267837524414,-2.8706178665161133,-3.6672780513763428,-3.100207567214966
3025,1,-1.2625055313110352,-0.7164406776428223,-0.11915746331214905,-0.6993678907553355
3026,1,2.6453723907470703,2.6660265922546387,2.8139638900756836,2.7084542910257974
3027,1,3.0463526248931885,2.611485481262207,1.2649869918823242,2.3076083660125732
3028,1,2.0269343852996826,1.7497683763504028,1.5944585800170898,1.7903871138890584
3029,1,2.192868709564209,2.395110607147217,2.7957446575164795,2.4612413247426352
3030,1,-2.780311107635498,-3.573073387145996,-2.293886423110962,-2.8824236392974854
3031,1,-3.1667981147766113,-1.478131890296936,-0.7041894793510437,-1.7830398281415303
3032,1,3.486072063446045,3.1281278133392334,3.1429970264434814,3.25239896774292
3033,1,2.4220566749572754,2.574878215789795,2.283534049987793,2.4268229802449546
3034,1,2.748509645462036,2.5905466079711914,2.662031650543213,2.66702930132548
3035,1,2.6777946949005127,2.5654444694519043,2.362722635269165,2.535320599873861
3036,1,3.3284261226654053,2.9090685844421387,2.923163652420044,3.053552786509196
3037,1,2.396088123321533,2.9300622940063477,2.9012291431427,2.742459853490194
3038,1,2.9472312927246094,2.914780616760254,2.9137301445007324,2.9252473513285318
3039,1,-3.290539264678955,-2.766359806060791,0.4497954547405243,-1.8690345386664073
3040,1,1.48420250415802,2.396111488342285,2.4605138301849365,2.113609274228414
3041,1,-3.472882032394409,-3.525278091430664,-3.1004385948181152,-3.366199572881063
3042,1,1.34681236743927,0.8667563796043396,2.2276837825775146,1.480417509873708
3043,1,3.3782949447631836,3.2900471687316895,3.156309127807617,3.27488374710083
3044,1,2.594433307647705,3.070103406906128,3.0072171688079834,2.890584627787272
3045,1,2.5854310989379883,2.252406597137451,1.546637773513794,2.1281584898630777
3046,1,2.944146156311035,2.6695947647094727,2.5049643516540527,2.70623509089152
3047,1,2.5550897121429443,2.183692216873169,2.2328507900238037,2.3238775730133057
3048,1,2.954080820083618,2.954364776611328,2.886204481124878,2.9315500259399414
3049,1,3.3220040798187256,3.3737804889678955,3.4835548400878906,3.393113136291504
3050,1,0.08825847506523132,0.3925907611846924,0.8677944540977478,0.4495478967825572
3051,1,2.5417592525482178,1.6912261247634888,-0.699647843837738,1.1777791778246562
3052,1,3.738507032394409,3.7261316776275635,3.463143825531006,3.6425941785176597
3053,1,2.520479679107666,2.6013739109039307,2.670771837234497,2.5975418090820312
3054,1,-3.446204662322998,-3.137864589691162,-3.412548065185547,-3.3322057723999023
3055,1,3.5369315147399902,3.460836887359619,3.580049991607666,3.525939464569092
3056,1,3.1044726371765137,3.5418496131896973,3.2155637741088867,3.287295341491699
3057,1,1.961187720298767,1.2713180780410767,1.9331588745117188,1.7218882242838542
3058,1,2.4878361225128174,2.537368059158325,2.3401246070861816,2.4551095962524414
3059,1,1.398074984550476,0.5445892810821533,0.6210598349571228,0.8545747001965841
3060,1,3.262266159057617,3.225614070892334,3.1821377277374268,3.223339319229126
3061,1,3.387373924255371,1.7543879747390747,3.1461915969848633,2.7626511653264365
3062,1,2.9814579486846924,3.2370564937591553,2.8284966945648193,3.015670379002889
3063,1,1.8262161016464233,1.9125514030456543,-0.3787132501602173,1.1200180848439534
3064,1,2.569654703140259,2.3525078296661377,1.728872537612915,2.2170116901397705
3065,1,-0.032706379890441895,0.08167087286710739,1.6796387434005737,0.5762010787924131
3066,1,-3.100224494934082,-3.117406129837036,-3.060241460800171,-3.092624028523763
3067,1,0.8810339570045471,2.1566085815429688,0.956023633480072,1.3312220573425293
3068,1,3.224372148513794,2.5836708545684814,2.51550555229187,2.7745161851247153
3069,1,2.4983935356140137,1.8327579498291016,0.5973498225212097,1.6428337693214417
3070,1,0.978375256061554,1.6871620416641235,1.873913049697876,1.513150115807851
3071,1,1.5216773748397827,-1.7177150249481201,0.028985746204853058,-0.05568396796782812
3072,1,1.5604578256607056,1.3547451496124268,0.15306958556175232,1.0227575202782948
3073,1,1.7298736572265625,-1.143524408340454,0.6422196626663208,0.4095229705174764
3074,1,1.6527260541915894,1.4524117708206177,2.0965371131896973,1.7338916460673015
3075,1,1.4691699743270874,0.8053549528121948,1.4674098491668701,1.2473115921020508
3076,1,0.970775306224823,1.5924931764602661,0.9720228314399719,1.178430438041687
3077,1,-1.661545753479004,-0.8994031548500061,1.0085147619247437,-0.5174780488014221
3078,1,-0.5846647620201111,-1.9705102443695068,-1.962228536605835,-1.5058011809984844
3079,1,-3.933183193206787,-3.228523015975952,-3.421583652496338,-3.527763287226359
3080,1,3.1019604206085205,2.9569036960601807,2.6090710163116455,2.8893117109934487
3081,1,2.627603530883789,2.823457717895508,3.0182528495788574,2.8231046994527182
3082,1,2.952669858932495,2.935913562774658,2.4604909420013428,2.783024787902832
3083,1,-2.4920268058776855,-3.449251413345337,-4.3309125900268555,-3.4240636030832925
3084,1,-3.514493703842163,-3.553781509399414,-3.2093961238861084,-3.4258904457092285
3085,1,3.383267402648926,3.2720396518707275,2.9858510494232178,3.213719367980957
3086,1,-4.142941474914551,-4.827814102172852,-4.521953582763672,-4.497569719950358
3087,1,2.9505672454833984,2.5961380004882812,2.6499264240264893,2.732210556666056
3088,1,3.0805702209472656,3.148484468460083,2.6991899013519287,2.9760815302530923
3089,1,3.2618391513824463,3.4676668643951416,3.459568738937378,3.3963582515716553
3090,1,0.0933169275522232,1.4474217891693115,0.8259686231613159,0.7889024466276169
3091,1,2.551048755645752,1.7320574522018433,1.845477819442749,2.0428613424301147
3092,1,0.3195827305316925,1.639046549797058,1.382535457611084,1.1137215793132782
3093,1,-2.163139581680298,-1.3830533027648926,1.4562599658966064,-0.6966443061828613
3094,1,2.406801462173462,2.514732837677002,2.2651736736297607,2.395569324493408
3095,1,0.6473508477210999,-0.15486732125282288,-0.7789760828018188,-0.09549751877784729
3096,1,1.068432331085205,-0.03053688071668148,-1.8040657043457031,-0.2553900846590598
3097,1,2.1621580123901367,-1.1916030645370483,1.4953066110610962,0.8219538529713949
3098,1,-1.1976773738861084,-2.238490104675293,-2.667618989944458,-2.034595489501953
3099,1,0.26640585064888,0.13096345961093903,0.38763830065727234,0.26166920363903046
3100,1,-0.4495939016342163,1.9107972383499146,0.4505724310874939,0.6372585892677307
3101,1,0.11182306706905365,0.1348913311958313,0.8046122789382935,0.3504422257343928
3102,1,2.4348745346069336,2.67867374420166,2.3878233432769775,2.500457207361857
3103,1,-0.9628430008888245,-0.40452098846435547,-1.4185261726379395,-0.9286300539970398
3104,1,3.363473415374756,3.0644731521606445,3.081260919570923,3.169735829035441
3105,1,-4.670884132385254,-4.324798583984375,-3.4141359329223633,-4.136606216430664
3106,1,3.040428400039673,2.8832809925079346,2.9802370071411133,2.9679821332295737
3107,1,2.8289618492126465,2.80245041847229,2.7614686489105225,2.7976269721984863
3108,1,2.693610906600952,1.869339108467102,1.1809577941894531,1.9146359364191692
3109,1,0.8002914786338806,2.62935733795166,2.673154830932617,2.0342678825060525
3110,1,2.93392014503479,3.058561086654663,3.0927629470825195,3.028414726257324
3111,1,2.6348752975463867,2.5250043869018555,2.2875442504882812,2.4824746449788413
3112,1,2.9513590335845947,2.6781749725341797,2.8275628089904785,2.8190322717030845
3113,1,-3.5420210361480713,-4.644194602966309,-4.25214147567749,-4.146119038263957
3114,1,3.1157212257385254,3.0880393981933594,2.9084086418151855,3.0373897552490234
